Year,Month,Day,Hour,Minute,Second,Unix_Timestamp,Energy_Consumption_kWH
2022,12,31,19,0,0,1672531200,1.59
2022,12,31,20,0,0,1672534800,4.59
2022,12,31,21,0,0,1672538400,4.66
2022,12,31,22,0,0,1672542000,1.29
2022,12,31,23,0,0,1672545600,0.33
2023,1,1,0,0,0,1672549200,3.77
2023,1,1,1,0,0,1672552800,2.35
2023,1,1,2,0,0,1672556400,3.0
2023,1,1,3,0,0,1672560000,3.4
2023,1,1,4,0,0,1672563600,3.9
2023,1,1,5,0,0,1672567200,1.81
2023,1,1,6,0,0,1672570800,4.58
2023,1,1,7,0,0,1672574400,1.41
2023,1,1,8,0,0,1672578000,2.79
2023,1,1,9,0,0,1672581600,3.65
2023,1,1,10,0,0,1672585200,0.82
2023,1,1,11,0,0,1672588800,4.48
2023,1,1,12,0,0,1672592400,1.75
2023,1,1,13,0,0,1672596000,0.17
2023,1,1,14,0,0,1672599600,1.97
2023,1,1,15,0,0,1672603200,1.96
2023,1,1,16,0,0,1672606800,1.04
2023,1,1,17,0,0,1672610400,4.39
2023,1,1,18,0,0,1672614000,4.41
2023,1,1,19,0,0,1672617600,1.93
2023,1,1,20,0,0,1672621200,4.37
2023,1,1,21,0,0,1672624800,0.83
2023,1,1,22,0,0,1672628400,2.0
2023,1,1,23,0,0,1672632000,3.73
2023,1,2,0,0,0,1672635600,3.42
2023,1,2,1,0,0,1672639200,3.23
2023,1,2,2,0,0,1672642800,0.73
2023,1,2,3,0,0,1672646400,3.06
2023,1,2,4,0,0,1672650000,2.24
2023,1,2,5,0,0,1672653600,3.83
2023,1,2,6,0,0,1672657200,2.04
2023,1,2,7,0,0,1672660800,3.17
2023,1,2,8,0,0,1672664400,4.24
2023,1,2,9,0,0,1672668000,0.98
2023,1,2,10,0,0,1672671600,1.95
2023,1,2,11,0,0,1672675200,0.61
2023,1,2,12,0,0,1672678800,2.23
2023,1,2,13,0,0,1672682400,1.51
2023,1,2,14,0,0,1672686000,3.91
2023,1,2,15,0,0,1672689600,0.16
2023,1,2,16,0,0,1672693200,2.48
2023,1,2,17,0,0,1672696800,3.62
2023,1,2,18,0,0,1672700400,4.38
2023,1,2,19,0,0,1672704000,2.59
2023,1,2,20,0,0,1672707600,0.37
2023,1,2,21,0,0,1672711200,1.45
2023,1,2,22,0,0,1672714800,2.37
2023,1,2,23,0,0,1672718400,0.34
2023,1,3,0,0,0,1672722000,2.45
2023,1,3,1,0,0,1672725600,3.87
2023,1,3,2,0,0,1672729200,1.32
2023,1,3,3,0,0,1672732800,4.48
2023,1,3,4,0,0,1672736400,3.97
2023,1,3,5,0,0,1672740000,4.47
2023,1,3,6,0,0,1672743600,1.23
2023,1,3,7,0,0,1672747200,1.65
2023,1,3,8,0,0,1672750800,2.12
2023,1,3,9,0,0,1672754400,2.12
2023,1,3,10,0,0,1672758000,4.34
2023,1,3,11,0,0,1672761600,2.47
2023,1,3,12,0,0,1672765200,0.58
2023,1,3,13,0,0,1672768800,3.8
2023,1,3,14,0,0,1672772400,1.38
2023,1,3,15,0,0,1672776000,1.27
2023,1,3,16,0,0,1672779600,3.35
2023,1,3,17,0,0,1672783200,3.87
2023,1,3,18,0,0,1672786800,1.6
2023,1,3,19,0,0,1672790400,3.8
2023,1,3,20,0,0,1672794000,1.48
2023,1,3,21,0,0,1672797600,3.17
2023,1,3,22,0,0,1672801200,1.28
2023,1,3,23,0,0,1672804800,0.25
2023,1,4,0,0,0,1672808400,2.45
2023,1,4,1,0,0,1672812000,4.79
2023,1,4,2,0,0,1672815600,0.5
2023,1,4,3,0,0,1672819200,2.82
2023,1,4,4,0,0,1672822800,0.95
2023,1,4,5,0,0,1672826400,1.45
2023,1,4,6,0,0,1672830000,2.84
2023,1,4,7,0,0,1672833600,2.65
2023,1,4,8,0,0,1672837200,4.69
2023,1,4,9,0,0,1672840800,4.55
2023,1,4,10,0,0,1672844400,1.25
2023,1,4,11,0,0,1672848000,4.17
2023,1,4,12,0,0,1672851600,0.58
2023,1,4,13,0,0,1672855200,4.34
2023,1,4,14,0,0,1672858800,0.5
2023,1,4,15,0,0,1672862400,4.88
2023,1,4,16,0,0,1672866000,4.63
2023,1,4,17,0,0,1672869600,2.13
2023,1,4,18,0,0,1672873200,0.26
2023,1,4,19,0,0,1672876800,2.52
2023,1,4,20,0,0,1672880400,3.54
2023,1,4,21,0,0,1672884000,4.22
2023,1,4,22,0,0,1672887600,4.8
2023,1,4,23,0,0,1672891200,0.32
2023,1,5,0,0,0,1672894800,3.45
2023,1,5,1,0,0,1672898400,0.92
2023,1,5,2,0,0,1672902000,1.97
2023,1,5,3,0,0,1672905600,4.68
2023,1,5,4,0,0,1672909200,4.17
2023,1,5,5,0,0,1672912800,1.21
2023,1,5,6,0,0,1672916400,1.21
2023,1,5,7,0,0,1672920000,3.08
2023,1,5,8,0,0,1672923600,4.78
2023,1,5,9,0,0,1672927200,0.39
2023,1,5,10,0,0,1672930800,4.42
2023,1,5,11,0,0,1672934400,4.72
2023,1,5,12,0,0,1672938000,2.69
2023,1,5,13,0,0,1672941600,3.49
2023,1,5,14,0,0,1672945200,1.27
2023,1,5,15,0,0,1672948800,4.23
2023,1,5,16,0,0,1672952400,2.54
2023,1,5,17,0,0,1672956000,4.29
2023,1,5,18,0,0,1672959600,1.45
2023,1,5,19,0,0,1672963200,4.38
2023,1,5,20,0,0,1672966800,2.73
2023,1,5,21,0,0,1672970400,1.46
2023,1,5,22,0,0,1672974000,0.36
2023,1,5,23,0,0,1672977600,2.35
2023,1,6,0,0,0,1672981200,2.16
2023,1,6,1,0,0,1672984800,3.35
2023,1,6,2,0,0,1672988400,3.68
2023,1,6,3,0,0,1672992000,1.19
2023,1,6,4,0,0,1672995600,0.21
2023,1,6,5,0,0,1672999200,3.47
2023,1,6,6,0,0,1673002800,2.21
2023,1,6,7,0,0,1673006400,0.24
2023,1,6,8,0,0,1673010000,4.29
2023,1,6,9,0,0,1673013600,3.53
2023,1,6,10,0,0,1673017200,2.12
2023,1,6,11,0,0,1673020800,2.24
2023,1,6,12,0,0,1673024400,0.15
2023,1,6,13,0,0,1673028000,3.81
2023,1,6,14,0,0,1673031600,2.8
2023,1,6,15,0,0,1673035200,1.16
2023,1,6,16,0,0,1673038800,4.68
2023,1,6,17,0,0,1673042400,3.19
2023,1,6,18,0,0,1673046000,4.57
2023,1,6,19,0,0,1673049600,0.63
2023,1,6,20,0,0,1673053200,1.0
2023,1,6,21,0,0,1673056800,0.2
2023,1,6,22,0,0,1673060400,3.1
2023,1,6,23,0,0,1673064000,0.42
2023,1,7,0,0,0,1673067600,2.88
2023,1,7,1,0,0,1673071200,3.99
2023,1,7,2,0,0,1673074800,3.94
2023,1,7,3,0,0,1673078400,0.24
2023,1,7,4,0,0,1673082000,3.31
2023,1,7,5,0,0,1673085600,5.0
2023,1,7,6,0,0,1673089200,0.95
2023,1,7,7,0,0,1673092800,4.81
2023,1,7,8,0,0,1673096400,3.5
2023,1,7,9,0,0,1673100000,4.63
2023,1,7,10,0,0,1673103600,3.13
2023,1,7,11,0,0,1673107200,2.83
2023,1,7,12,0,0,1673110800,4.77
2023,1,7,13,0,0,1673114400,3.11
2023,1,7,14,0,0,1673118000,1.74
2023,1,7,15,0,0,1673121600,0.63
2023,1,7,16,0,0,1673125200,2.15
2023,1,7,17,0,0,1673128800,1.26
2023,1,7,18,0,0,1673132400,3.82
2023,1,7,19,0,0,1673136000,0.42
2023,1,7,20,0,0,1673139600,1.65
2023,1,7,21,0,0,1673143200,3.43
2023,1,7,22,0,0,1673146800,1.24
2023,1,7,23,0,0,1673150400,2.81
2023,1,8,0,0,0,1673154000,3.82
2023,1,8,1,0,0,1673157600,3.83
2023,1,8,2,0,0,1673161200,0.3
2023,1,8,3,0,0,1673164800,1.92
2023,1,8,4,0,0,1673168400,1.47
2023,1,8,5,0,0,1673172000,2.37
2023,1,8,6,0,0,1673175600,1.33
2023,1,8,7,0,0,1673179200,1.74
2023,1,8,8,0,0,1673182800,4.17
2023,1,8,9,0,0,1673186400,3.9
2023,1,8,10,0,0,1673190000,3.5
2023,1,8,11,0,0,1673193600,0.54
2023,1,8,12,0,0,1673197200,1.49
2023,1,8,13,0,0,1673200800,2.27
2023,1,8,14,0,0,1673204400,4.09
2023,1,8,15,0,0,1673208000,4.04
2023,1,8,16,0,0,1673211600,3.52
2023,1,8,17,0,0,1673215200,3.67
2023,1,8,18,0,0,1673218800,3.74
2023,1,8,19,0,0,1673222400,3.7
2023,1,8,20,0,0,1673226000,4.08
2023,1,8,21,0,0,1673229600,4.88
2023,1,8,22,0,0,1673233200,4.18
2023,1,8,23,0,0,1673236800,0.59
2023,1,9,0,0,0,1673240400,4.74
2023,1,9,1,0,0,1673244000,2.35
2023,1,9,2,0,0,1673247600,0.25
2023,1,9,3,0,0,1673251200,0.73
2023,1,9,4,0,0,1673254800,0.75
2023,1,9,5,0,0,1673258400,0.53
2023,1,9,6,0,0,1673262000,4.16
2023,1,9,7,0,0,1673265600,2.68
2023,1,9,8,0,0,1673269200,3.77
2023,1,9,9,0,0,1673272800,3.62
2023,1,9,10,0,0,1673276400,2.32
2023,1,9,11,0,0,1673280000,0.16
2023,1,9,12,0,0,1673283600,3.92
2023,1,9,13,0,0,1673287200,4.31
2023,1,9,14,0,0,1673290800,3.1
2023,1,9,15,0,0,1673294400,1.47
2023,1,9,16,0,0,1673298000,0.96
2023,1,9,17,0,0,1673301600,2.84
2023,1,9,18,0,0,1673305200,1.23
2023,1,9,19,0,0,1673308800,0.21
2023,1,9,20,0,0,1673312400,0.96
2023,1,9,21,0,0,1673316000,3.51
2023,1,9,22,0,0,1673319600,0.37
2023,1,9,23,0,0,1673323200,0.84
2023,1,10,0,0,0,1673326800,4.63
2023,1,10,1,0,0,1673330400,0.51
2023,1,10,2,0,0,1673334000,0.86
2023,1,10,3,0,0,1673337600,4.65
2023,1,10,4,0,0,1673341200,2.77
2023,1,10,5,0,0,1673344800,4.68
2023,1,10,6,0,0,1673348400,2.26
2023,1,10,7,0,0,1673352000,3.09
2023,1,10,8,0,0,1673355600,2.86
2023,1,10,9,0,0,1673359200,0.38
2023,1,10,10,0,0,1673362800,3.36
2023,1,10,11,0,0,1673366400,4.79
2023,1,10,12,0,0,1673370000,0.97
2023,1,10,13,0,0,1673373600,4.21
2023,1,10,14,0,0,1673377200,1.01
2023,1,10,15,0,0,1673380800,3.16
2023,1,10,16,0,0,1673384400,3.54
2023,1,10,17,0,0,1673388000,2.75
2023,1,10,18,0,0,1673391600,1.72
2023,1,10,19,0,0,1673395200,2.86
2023,1,10,20,0,0,1673398800,1.45
2023,1,10,21,0,0,1673402400,4.91
2023,1,10,22,0,0,1673406000,2.78
2023,1,10,23,0,0,1673409600,2.3
2023,1,11,0,0,0,1673413200,4.05
2023,1,11,1,0,0,1673416800,3.03
2023,1,11,2,0,0,1673420400,3.26
2023,1,11,3,0,0,1673424000,3.17
2023,1,11,4,0,0,1673427600,4.65
2023,1,11,5,0,0,1673431200,1.69
2023,1,11,6,0,0,1673434800,2.1
2023,1,11,7,0,0,1673438400,3.36
2023,1,11,8,0,0,1673442000,0.95
2023,1,11,9,0,0,1673445600,4.24
2023,1,11,10,0,0,1673449200,3.95
2023,1,11,11,0,0,1673452800,4.95
2023,1,11,12,0,0,1673456400,0.62
2023,1,11,13,0,0,1673460000,1.01
2023,1,11,14,0,0,1673463600,2.17
2023,1,11,15,0,0,1673467200,3.76
2023,1,11,16,0,0,1673470800,2.75
2023,1,11,17,0,0,1673474400,1.33
2023,1,11,18,0,0,1673478000,4.94
2023,1,11,19,0,0,1673481600,4.03
2023,1,11,20,0,0,1673485200,4.84
2023,1,11,21,0,0,1673488800,2.34
2023,1,11,22,0,0,1673492400,1.03
2023,1,11,23,0,0,1673496000,0.3
2023,1,12,0,0,0,1673499600,1.35
2023,1,12,1,0,0,1673503200,2.21
2023,1,12,2,0,0,1673506800,0.89
2023,1,12,3,0,0,1673510400,1.03
2023,1,12,4,0,0,1673514000,1.47
2023,1,12,5,0,0,1673517600,3.49
2023,1,12,6,0,0,1673521200,1.94
2023,1,12,7,0,0,1673524800,3.63
2023,1,12,8,0,0,1673528400,3.44
2023,1,12,9,0,0,1673532000,1.29
2023,1,12,10,0,0,1673535600,1.6
2023,1,12,11,0,0,1673539200,0.82
2023,1,12,12,0,0,1673542800,0.76
2023,1,12,13,0,0,1673546400,0.69
2023,1,12,14,0,0,1673550000,2.53
2023,1,12,15,0,0,1673553600,4.95
2023,1,12,16,0,0,1673557200,4.5
2023,1,12,17,0,0,1673560800,3.58
2023,1,12,18,0,0,1673564400,1.04
2023,1,12,19,0,0,1673568000,3.7
2023,1,12,20,0,0,1673571600,2.48
2023,1,12,21,0,0,1673575200,4.01
2023,1,12,22,0,0,1673578800,4.96
2023,1,12,23,0,0,1673582400,1.3
2023,1,13,0,0,0,1673586000,1.08
2023,1,13,1,0,0,1673589600,4.34
2023,1,13,2,0,0,1673593200,3.16
2023,1,13,3,0,0,1673596800,1.73
2023,1,13,4,0,0,1673600400,1.2
2023,1,13,5,0,0,1673604000,0.98
2023,1,13,6,0,0,1673607600,2.54
2023,1,13,7,0,0,1673611200,4.23
2023,1,13,8,0,0,1673614800,3.44
2023,1,13,9,0,0,1673618400,1.05
2023,1,13,10,0,0,1673622000,4.07
2023,1,13,11,0,0,1673625600,3.5
2023,1,13,12,0,0,1673629200,1.17
2023,1,13,13,0,0,1673632800,4.06
2023,1,13,14,0,0,1673636400,1.1
2023,1,13,15,0,0,1673640000,4.78
2023,1,13,16,0,0,1673643600,0.88
2023,1,13,17,0,0,1673647200,2.52
2023,1,13,18,0,0,1673650800,0.71
2023,1,13,19,0,0,1673654400,3.0
2023,1,13,20,0,0,1673658000,4.18
2023,1,13,21,0,0,1673661600,1.78
2023,1,13,22,0,0,1673665200,2.95
2023,1,13,23,0,0,1673668800,3.47
2023,1,14,0,0,0,1673672400,4.18
2023,1,14,1,0,0,1673676000,4.52
2023,1,14,2,0,0,1673679600,3.72
2023,1,14,3,0,0,1673683200,2.42
2023,1,14,4,0,0,1673686800,4.18
2023,1,14,5,0,0,1673690400,0.26
2023,1,14,6,0,0,1673694000,2.84
2023,1,14,7,0,0,1673697600,2.54
2023,1,14,8,0,0,1673701200,1.57
2023,1,14,9,0,0,1673704800,2.0
2023,1,14,10,0,0,1673708400,2.35
2023,1,14,11,0,0,1673712000,0.27
2023,1,14,12,0,0,1673715600,4.84
2023,1,14,13,0,0,1673719200,2.43
2023,1,14,14,0,0,1673722800,1.13
2023,1,14,15,0,0,1673726400,4.72
2023,1,14,16,0,0,1673730000,1.91
2023,1,14,17,0,0,1673733600,2.28
2023,1,14,18,0,0,1673737200,4.82
2023,1,14,19,0,0,1673740800,4.34
2023,1,14,20,0,0,1673744400,1.92
2023,1,14,21,0,0,1673748000,1.47
2023,1,14,22,0,0,1673751600,2.02
2023,1,14,23,0,0,1673755200,0.61
2023,1,15,0,0,0,1673758800,1.12
2023,1,15,1,0,0,1673762400,3.61
2023,1,15,2,0,0,1673766000,0.78
2023,1,15,3,0,0,1673769600,2.71
2023,1,15,4,0,0,1673773200,4.45
2023,1,15,5,0,0,1673776800,4.6
2023,1,15,6,0,0,1673780400,4.81
2023,1,15,7,0,0,1673784000,1.55
2023,1,15,8,0,0,1673787600,3.59
2023,1,15,9,0,0,1673791200,0.14
2023,1,15,10,0,0,1673794800,1.87
2023,1,15,11,0,0,1673798400,1.42
2023,1,15,12,0,0,1673802000,1.62
2023,1,15,13,0,0,1673805600,1.49
2023,1,15,14,0,0,1673809200,3.21
2023,1,15,15,0,0,1673812800,3.97
2023,1,15,16,0,0,1673816400,3.61
2023,1,15,17,0,0,1673820000,2.63
2023,1,15,18,0,0,1673823600,4.53
2023,1,15,19,0,0,1673827200,3.05
2023,1,15,20,0,0,1673830800,3.11
2023,1,15,21,0,0,1673834400,2.88
2023,1,15,22,0,0,1673838000,3.17
2023,1,15,23,0,0,1673841600,1.54
2023,1,16,0,0,0,1673845200,1.88
2023,1,16,1,0,0,1673848800,2.98
2023,1,16,2,0,0,1673852400,0.55
2023,1,16,3,0,0,1673856000,4.44
2023,1,16,4,0,0,1673859600,0.18
2023,1,16,5,0,0,1673863200,0.66
2023,1,16,6,0,0,1673866800,0.27
2023,1,16,7,0,0,1673870400,2.56
2023,1,16,8,0,0,1673874000,1.39
2023,1,16,9,0,0,1673877600,1.77
2023,1,16,10,0,0,1673881200,2.87
2023,1,16,11,0,0,1673884800,3.66
2023,1,16,12,0,0,1673888400,2.95
2023,1,16,13,0,0,1673892000,2.58
2023,1,16,14,0,0,1673895600,1.07
2023,1,16,15,0,0,1673899200,2.63
2023,1,16,16,0,0,1673902800,0.67
2023,1,16,17,0,0,1673906400,3.01
2023,1,16,18,0,0,1673910000,1.84
2023,1,16,19,0,0,1673913600,3.66
2023,1,16,20,0,0,1673917200,0.87
2023,1,16,21,0,0,1673920800,2.72
2023,1,16,22,0,0,1673924400,2.8
2023,1,16,23,0,0,1673928000,0.36
2023,1,17,0,0,0,1673931600,2.31
2023,1,17,1,0,0,1673935200,1.14
2023,1,17,2,0,0,1673938800,2.88
2023,1,17,3,0,0,1673942400,0.67
2023,1,17,4,0,0,1673946000,0.19
2023,1,17,5,0,0,1673949600,4.93
2023,1,17,6,0,0,1673953200,2.56
2023,1,17,7,0,0,1673956800,0.43
2023,1,17,8,0,0,1673960400,0.91
2023,1,17,9,0,0,1673964000,4.76
2023,1,17,10,0,0,1673967600,1.05
2023,1,17,11,0,0,1673971200,2.41
2023,1,17,12,0,0,1673974800,2.1
2023,1,17,13,0,0,1673978400,2.49
2023,1,17,14,0,0,1673982000,1.52
2023,1,17,15,0,0,1673985600,2.61
2023,1,17,16,0,0,1673989200,2.95
2023,1,17,17,0,0,1673992800,3.05
2023,1,17,18,0,0,1673996400,1.25
2023,1,17,19,0,0,1674000000,1.65
2023,1,17,20,0,0,1674003600,1.39
2023,1,17,21,0,0,1674007200,0.64
2023,1,17,22,0,0,1674010800,0.61
2023,1,17,23,0,0,1674014400,4.51
2023,1,18,0,0,0,1674018000,4.74
2023,1,18,1,0,0,1674021600,2.49
2023,1,18,2,0,0,1674025200,0.23
2023,1,18,3,0,0,1674028800,1.46
2023,1,18,4,0,0,1674032400,0.39
2023,1,18,5,0,0,1674036000,0.62
2023,1,18,6,0,0,1674039600,3.12
2023,1,18,7,0,0,1674043200,4.06
2023,1,18,8,0,0,1674046800,2.38
2023,1,18,9,0,0,1674050400,0.76
2023,1,18,10,0,0,1674054000,2.06
2023,1,18,11,0,0,1674057600,1.98
2023,1,18,12,0,0,1674061200,1.74
2023,1,18,13,0,0,1674064800,2.72
2023,1,18,14,0,0,1674068400,1.76
2023,1,18,15,0,0,1674072000,0.12
2023,1,18,16,0,0,1674075600,4.71
2023,1,18,17,0,0,1674079200,2.8
2023,1,18,18,0,0,1674082800,4.09
2023,1,18,19,0,0,1674086400,4.98
2023,1,18,20,0,0,1674090000,4.05
2023,1,18,21,0,0,1674093600,3.77
2023,1,18,22,0,0,1674097200,3.35
2023,1,18,23,0,0,1674100800,4.57
2023,1,19,0,0,0,1674104400,0.15
2023,1,19,1,0,0,1674108000,4.36
2023,1,19,2,0,0,1674111600,3.77
2023,1,19,3,0,0,1674115200,0.38
2023,1,19,4,0,0,1674118800,2.96
2023,1,19,5,0,0,1674122400,2.13
2023,1,19,6,0,0,1674126000,1.04
2023,1,19,7,0,0,1674129600,2.54
2023,1,19,8,0,0,1674133200,1.24
2023,1,19,9,0,0,1674136800,0.13
2023,1,19,10,0,0,1674140400,1.42
2023,1,19,11,0,0,1674144000,3.58
2023,1,19,12,0,0,1674147600,1.56
2023,1,19,13,0,0,1674151200,2.07
2023,1,19,14,0,0,1674154800,3.16
2023,1,19,15,0,0,1674158400,4.11
2023,1,19,16,0,0,1674162000,3.97
2023,1,19,17,0,0,1674165600,0.46
2023,1,19,18,0,0,1674169200,2.09
2023,1,19,19,0,0,1674172800,1.67
2023,1,19,20,0,0,1674176400,3.4
2023,1,19,21,0,0,1674180000,3.19
2023,1,19,22,0,0,1674183600,4.29
2023,1,19,23,0,0,1674187200,4.93
2023,1,20,0,0,0,1674190800,1.34
2023,1,20,1,0,0,1674194400,3.52
2023,1,20,2,0,0,1674198000,3.66
2023,1,20,3,0,0,1674201600,1.03
2023,1,20,4,0,0,1674205200,4.45
2023,1,20,5,0,0,1674208800,3.96
2023,1,20,6,0,0,1674212400,3.82
2023,1,20,7,0,0,1674216000,4.36
2023,1,20,8,0,0,1674219600,2.64
2023,1,20,9,0,0,1674223200,1.41
2023,1,20,10,0,0,1674226800,0.11
2023,1,20,11,0,0,1674230400,0.3
2023,1,20,12,0,0,1674234000,0.14
2023,1,20,13,0,0,1674237600,4.98
2023,1,20,14,0,0,1674241200,3.47
2023,1,20,15,0,0,1674244800,1.48
2023,1,20,16,0,0,1674248400,0.13
2023,1,20,17,0,0,1674252000,4.92
2023,1,20,18,0,0,1674255600,0.78
2023,1,20,19,0,0,1674259200,3.22
2023,1,20,20,0,0,1674262800,3.62
2023,1,20,21,0,0,1674266400,0.98
2023,1,20,22,0,0,1674270000,1.39
2023,1,20,23,0,0,1674273600,3.24
2023,1,21,0,0,0,1674277200,1.71
2023,1,21,1,0,0,1674280800,0.41
2023,1,21,2,0,0,1674284400,1.82
2023,1,21,3,0,0,1674288000,4.45
2023,1,21,4,0,0,1674291600,1.56
2023,1,21,5,0,0,1674295200,2.83
2023,1,21,6,0,0,1674298800,3.28
2023,1,21,7,0,0,1674302400,0.89
2023,1,21,8,0,0,1674306000,0.88
2023,1,21,9,0,0,1674309600,2.2
2023,1,21,10,0,0,1674313200,0.66
2023,1,21,11,0,0,1674316800,3.39
2023,1,21,12,0,0,1674320400,2.25
2023,1,21,13,0,0,1674324000,3.28
2023,1,21,14,0,0,1674327600,3.64
2023,1,21,15,0,0,1674331200,2.89
2023,1,21,16,0,0,1674334800,4.09
2023,1,21,17,0,0,1674338400,0.7
2023,1,21,18,0,0,1674342000,2.47
2023,1,21,19,0,0,1674345600,5.0
2023,1,21,20,0,0,1674349200,4.04
2023,1,21,21,0,0,1674352800,3.81
2023,1,21,22,0,0,1674356400,4.54
2023,1,21,23,0,0,1674360000,3.13
2023,1,22,0,0,0,1674363600,0.4
2023,1,22,1,0,0,1674367200,1.39
2023,1,22,2,0,0,1674370800,2.36
2023,1,22,3,0,0,1674374400,2.01
2023,1,22,4,0,0,1674378000,2.41
2023,1,22,5,0,0,1674381600,3.45
2023,1,22,6,0,0,1674385200,3.11
2023,1,22,7,0,0,1674388800,0.27
2023,1,22,8,0,0,1674392400,1.03
2023,1,22,9,0,0,1674396000,0.18
2023,1,22,10,0,0,1674399600,1.78
2023,1,22,11,0,0,1674403200,0.8
2023,1,22,12,0,0,1674406800,3.9
2023,1,22,13,0,0,1674410400,0.99
2023,1,22,14,0,0,1674414000,2.34
2023,1,22,15,0,0,1674417600,4.19
2023,1,22,16,0,0,1674421200,0.11
2023,1,22,17,0,0,1674424800,0.79
2023,1,22,18,0,0,1674428400,2.97
2023,1,22,19,0,0,1674432000,2.72
2023,1,22,20,0,0,1674435600,1.03
2023,1,22,21,0,0,1674439200,0.81
2023,1,22,22,0,0,1674442800,3.44
2023,1,22,23,0,0,1674446400,3.26
2023,1,23,0,0,0,1674450000,3.54
2023,1,23,1,0,0,1674453600,1.86
2023,1,23,2,0,0,1674457200,4.58
2023,1,23,3,0,0,1674460800,1.53
2023,1,23,4,0,0,1674464400,3.44
2023,1,23,5,0,0,1674468000,4.87
2023,1,23,6,0,0,1674471600,0.45
2023,1,23,7,0,0,1674475200,1.97
2023,1,23,8,0,0,1674478800,2.36
2023,1,23,9,0,0,1674482400,1.83
2023,1,23,10,0,0,1674486000,0.79
2023,1,23,11,0,0,1674489600,3.94
2023,1,23,12,0,0,1674493200,3.32
2023,1,23,13,0,0,1674496800,1.79
2023,1,23,14,0,0,1674500400,0.7
2023,1,23,15,0,0,1674504000,1.51
2023,1,23,16,0,0,1674507600,1.17
2023,1,23,17,0,0,1674511200,3.37
2023,1,23,18,0,0,1674514800,2.01
2023,1,23,19,0,0,1674518400,2.4
2023,1,23,20,0,0,1674522000,4.86
2023,1,23,21,0,0,1674525600,1.26
2023,1,23,22,0,0,1674529200,0.34
2023,1,23,23,0,0,1674532800,2.99
2023,1,24,0,0,0,1674536400,2.49
2023,1,24,1,0,0,1674540000,1.22
2023,1,24,2,0,0,1674543600,4.42
2023,1,24,3,0,0,1674547200,0.56
2023,1,24,4,0,0,1674550800,4.61
2023,1,24,5,0,0,1674554400,4.77
2023,1,24,6,0,0,1674558000,0.49
2023,1,24,7,0,0,1674561600,1.07
2023,1,24,8,0,0,1674565200,1.04
2023,1,24,9,0,0,1674568800,2.41
2023,1,24,10,0,0,1674572400,3.78
2023,1,24,11,0,0,1674576000,4.66
2023,1,24,12,0,0,1674579600,2.31
2023,1,24,13,0,0,1674583200,3.13
2023,1,24,14,0,0,1674586800,4.78
2023,1,24,15,0,0,1674590400,0.24
2023,1,24,16,0,0,1674594000,4.64
2023,1,24,17,0,0,1674597600,1.57
2023,1,24,18,0,0,1674601200,4.48
2023,1,24,19,0,0,1674604800,1.5
2023,1,24,20,0,0,1674608400,1.92
2023,1,24,21,0,0,1674612000,3.95
2023,1,24,22,0,0,1674615600,0.51
2023,1,24,23,0,0,1674619200,1.16
2023,1,25,0,0,0,1674622800,2.5
2023,1,25,1,0,0,1674626400,1.96
2023,1,25,2,0,0,1674630000,4.78
2023,1,25,3,0,0,1674633600,2.26
2023,1,25,4,0,0,1674637200,1.29
2023,1,25,5,0,0,1674640800,3.68
2023,1,25,6,0,0,1674644400,3.58
2023,1,25,7,0,0,1674648000,0.8
2023,1,25,8,0,0,1674651600,3.59
2023,1,25,9,0,0,1674655200,2.48
2023,1,25,10,0,0,1674658800,1.28
2023,1,25,11,0,0,1674662400,3.96
2023,1,25,12,0,0,1674666000,3.73
2023,1,25,13,0,0,1674669600,0.35
2023,1,25,14,0,0,1674673200,3.09
2023,1,25,15,0,0,1674676800,4.59
2023,1,25,16,0,0,1674680400,2.21
2023,1,25,17,0,0,1674684000,0.92
2023,1,25,18,0,0,1674687600,4.49
2023,1,25,19,0,0,1674691200,2.42
2023,1,25,20,0,0,1674694800,1.49
2023,1,25,21,0,0,1674698400,4.74
2023,1,25,22,0,0,1674702000,3.89
2023,1,25,23,0,0,1674705600,2.84
2023,1,26,0,0,0,1674709200,4.92
2023,1,26,1,0,0,1674712800,3.36
2023,1,26,2,0,0,1674716400,3.49
2023,1,26,3,0,0,1674720000,0.54
2023,1,26,4,0,0,1674723600,2.19
2023,1,26,5,0,0,1674727200,0.3
2023,1,26,6,0,0,1674730800,1.05
2023,1,26,7,0,0,1674734400,2.4
2023,1,26,8,0,0,1674738000,2.38
2023,1,26,9,0,0,1674741600,3.91
2023,1,26,10,0,0,1674745200,1.68
2023,1,26,11,0,0,1674748800,4.43
2023,1,26,12,0,0,1674752400,3.13
2023,1,26,13,0,0,1674756000,4.47
2023,1,26,14,0,0,1674759600,0.29
2023,1,26,15,0,0,1674763200,4.45
2023,1,26,16,0,0,1674766800,1.89
2023,1,26,17,0,0,1674770400,0.33
2023,1,26,18,0,0,1674774000,4.87
2023,1,26,19,0,0,1674777600,4.18
2023,1,26,20,0,0,1674781200,1.28
2023,1,26,21,0,0,1674784800,2.36
2023,1,26,22,0,0,1674788400,3.37
2023,1,26,23,0,0,1674792000,4.37
2023,1,27,0,0,0,1674795600,3.96
2023,1,27,1,0,0,1674799200,4.25
2023,1,27,2,0,0,1674802800,4.17
2023,1,27,3,0,0,1674806400,1.9
2023,1,27,4,0,0,1674810000,0.89
2023,1,27,5,0,0,1674813600,2.43
2023,1,27,6,0,0,1674817200,3.85
2023,1,27,7,0,0,1674820800,2.93
2023,1,27,8,0,0,1674824400,1.71
2023,1,27,9,0,0,1674828000,0.53
2023,1,27,10,0,0,1674831600,0.93
2023,1,27,11,0,0,1674835200,3.4
2023,1,27,12,0,0,1674838800,1.64
2023,1,27,13,0,0,1674842400,4.7
2023,1,27,14,0,0,1674846000,1.43
2023,1,27,15,0,0,1674849600,5.0
2023,1,27,16,0,0,1674853200,1.89
2023,1,27,17,0,0,1674856800,3.79
2023,1,27,18,0,0,1674860400,2.74
2023,1,27,19,0,0,1674864000,0.6
2023,1,27,20,0,0,1674867600,4.96
2023,1,27,21,0,0,1674871200,3.49
2023,1,27,22,0,0,1674874800,4.58
2023,1,27,23,0,0,1674878400,4.43
2023,1,28,0,0,0,1674882000,2.74
2023,1,28,1,0,0,1674885600,0.33
2023,1,28,2,0,0,1674889200,3.99
2023,1,28,3,0,0,1674892800,3.97
2023,1,28,4,0,0,1674896400,4.45
2023,1,28,5,0,0,1674900000,1.06
2023,1,28,6,0,0,1674903600,0.6
2023,1,28,7,0,0,1674907200,3.0
2023,1,28,8,0,0,1674910800,0.29
2023,1,28,9,0,0,1674914400,0.3
2023,1,28,10,0,0,1674918000,0.84
2023,1,28,11,0,0,1674921600,1.24
2023,1,28,12,0,0,1674925200,1.26
2023,1,28,13,0,0,1674928800,2.13
2023,1,28,14,0,0,1674932400,3.59
2023,1,28,15,0,0,1674936000,0.67
2023,1,28,16,0,0,1674939600,1.68
2023,1,28,17,0,0,1674943200,0.13
2023,1,28,18,0,0,1674946800,3.92
2023,1,28,19,0,0,1674950400,1.23
2023,1,28,20,0,0,1674954000,3.17
2023,1,28,21,0,0,1674957600,4.58
2023,1,28,22,0,0,1674961200,4.5
2023,1,28,23,0,0,1674964800,4.3
2023,1,29,0,0,0,1674968400,4.14
2023,1,29,1,0,0,1674972000,4.03
2023,1,29,2,0,0,1674975600,2.95
2023,1,29,3,0,0,1674979200,1.34
2023,1,29,4,0,0,1674982800,4.05
2023,1,29,5,0,0,1674986400,3.38
2023,1,29,6,0,0,1674990000,3.13
2023,1,29,7,0,0,1674993600,0.99
2023,1,29,8,0,0,1674997200,1.44
2023,1,29,9,0,0,1675000800,4.23
2023,1,29,10,0,0,1675004400,0.83
2023,1,29,11,0,0,1675008000,4.71
2023,1,29,12,0,0,1675011600,1.62
2023,1,29,13,0,0,1675015200,0.13
2023,1,29,14,0,0,1675018800,2.29
2023,1,29,15,0,0,1675022400,2.58
2023,1,29,16,0,0,1675026000,1.27
2023,1,29,17,0,0,1675029600,0.18
2023,1,29,18,0,0,1675033200,0.25
2023,1,29,19,0,0,1675036800,4.54
2023,1,29,20,0,0,1675040400,3.29
2023,1,29,21,0,0,1675044000,1.38
2023,1,29,22,0,0,1675047600,3.57
2023,1,29,23,0,0,1675051200,0.14
2023,1,30,0,0,0,1675054800,4.42
2023,1,30,1,0,0,1675058400,1.15
2023,1,30,2,0,0,1675062000,3.5
2023,1,30,3,0,0,1675065600,2.56
2023,1,30,4,0,0,1675069200,1.17
2023,1,30,5,0,0,1675072800,1.26
2023,1,30,6,0,0,1675076400,1.97
2023,1,30,7,0,0,1675080000,1.4
2023,1,30,8,0,0,1675083600,0.15
2023,1,30,9,0,0,1675087200,2.89
2023,1,30,10,0,0,1675090800,1.87
2023,1,30,11,0,0,1675094400,2.41
2023,1,30,12,0,0,1675098000,0.2
2023,1,30,13,0,0,1675101600,1.09
2023,1,30,14,0,0,1675105200,1.09
2023,1,30,15,0,0,1675108800,4.91
2023,1,30,16,0,0,1675112400,0.43
2023,1,30,17,0,0,1675116000,3.92
2023,1,30,18,0,0,1675119600,4.8
2023,1,30,19,0,0,1675123200,0.43
2023,1,30,20,0,0,1675126800,4.62
2023,1,30,21,0,0,1675130400,4.38
2023,1,30,22,0,0,1675134000,0.28
2023,1,30,23,0,0,1675137600,3.9
2023,1,31,0,0,0,1675141200,2.69
2023,1,31,1,0,0,1675144800,2.06
2023,1,31,2,0,0,1675148400,4.65
2023,1,31,3,0,0,1675152000,2.87
2023,1,31,4,0,0,1675155600,2.38
2023,1,31,5,0,0,1675159200,2.5
2023,1,31,6,0,0,1675162800,0.58
2023,1,31,7,0,0,1675166400,1.38
2023,1,31,8,0,0,1675170000,3.24
2023,1,31,9,0,0,1675173600,1.86
2023,1,31,10,0,0,1675177200,2.13
2023,1,31,11,0,0,1675180800,1.74
2023,1,31,12,0,0,1675184400,4.47
2023,1,31,13,0,0,1675188000,0.51
2023,1,31,14,0,0,1675191600,2.1
2023,1,31,15,0,0,1675195200,2.67
2023,1,31,16,0,0,1675198800,4.08
2023,1,31,17,0,0,1675202400,2.63
2023,1,31,18,0,0,1675206000,3.64
2023,1,31,19,0,0,1675209600,3.56
2023,1,31,20,0,0,1675213200,3.27
2023,1,31,21,0,0,1675216800,1.92
2023,1,31,22,0,0,1675220400,4.4
2023,1,31,23,0,0,1675224000,0.17
2023,2,1,0,0,0,1675227600,2.81
2023,2,1,1,0,0,1675231200,4.43
2023,2,1,2,0,0,1675234800,1.74
2023,2,1,3,0,0,1675238400,4.92
2023,2,1,4,0,0,1675242000,4.03
2023,2,1,5,0,0,1675245600,2.26
2023,2,1,6,0,0,1675249200,3.26
2023,2,1,7,0,0,1675252800,0.32
2023,2,1,8,0,0,1675256400,2.47
2023,2,1,9,0,0,1675260000,4.24
2023,2,1,10,0,0,1675263600,3.07
2023,2,1,11,0,0,1675267200,4.39
2023,2,1,12,0,0,1675270800,0.39
2023,2,1,13,0,0,1675274400,1.33
2023,2,1,14,0,0,1675278000,2.16
2023,2,1,15,0,0,1675281600,2.64
2023,2,1,16,0,0,1675285200,4.91
2023,2,1,17,0,0,1675288800,4.02
2023,2,1,18,0,0,1675292400,1.16
2023,2,1,19,0,0,1675296000,4.28
2023,2,1,20,0,0,1675299600,1.16
2023,2,1,21,0,0,1675303200,4.97
2023,2,1,22,0,0,1675306800,0.56
2023,2,1,23,0,0,1675310400,1.65
2023,2,2,0,0,0,1675314000,3.37
2023,2,2,1,0,0,1675317600,2.5
2023,2,2,2,0,0,1675321200,4.16
2023,2,2,3,0,0,1675324800,2.27
2023,2,2,4,0,0,1675328400,2.6
2023,2,2,5,0,0,1675332000,1.13
2023,2,2,6,0,0,1675335600,2.03
2023,2,2,7,0,0,1675339200,2.4
2023,2,2,8,0,0,1675342800,3.44
2023,2,2,9,0,0,1675346400,0.85
2023,2,2,10,0,0,1675350000,1.24
2023,2,2,11,0,0,1675353600,3.4
2023,2,2,12,0,0,1675357200,4.52
2023,2,2,13,0,0,1675360800,3.14
2023,2,2,14,0,0,1675364400,3.42
2023,2,2,15,0,0,1675368000,0.62
2023,2,2,16,0,0,1675371600,1.41
2023,2,2,17,0,0,1675375200,1.08
2023,2,2,18,0,0,1675378800,3.73
2023,2,2,19,0,0,1675382400,4.45
2023,2,2,20,0,0,1675386000,1.54
2023,2,2,21,0,0,1675389600,3.04
2023,2,2,22,0,0,1675393200,0.21
2023,2,2,23,0,0,1675396800,4.48
2023,2,3,0,0,0,1675400400,2.73
2023,2,3,1,0,0,1675404000,4.26
2023,2,3,2,0,0,1675407600,1.98
2023,2,3,3,0,0,1675411200,4.45
2023,2,3,4,0,0,1675414800,3.68
2023,2,3,5,0,0,1675418400,4.87
2023,2,3,6,0,0,1675422000,3.68
2023,2,3,7,0,0,1675425600,1.42
2023,2,3,8,0,0,1675429200,0.54
2023,2,3,9,0,0,1675432800,1.97
2023,2,3,10,0,0,1675436400,0.24
2023,2,3,11,0,0,1675440000,2.27
2023,2,3,12,0,0,1675443600,0.86
2023,2,3,13,0,0,1675447200,0.79
2023,2,3,14,0,0,1675450800,0.13
2023,2,3,15,0,0,1675454400,2.26
2023,2,3,16,0,0,1675458000,4.18
2023,2,3,17,0,0,1675461600,0.84
2023,2,3,18,0,0,1675465200,1.1
2023,2,3,19,0,0,1675468800,1.39
2023,2,3,20,0,0,1675472400,2.53
2023,2,3,21,0,0,1675476000,1.77
2023,2,3,22,0,0,1675479600,1.27
2023,2,3,23,0,0,1675483200,0.55
2023,2,4,0,0,0,1675486800,1.79
2023,2,4,1,0,0,1675490400,0.22
2023,2,4,2,0,0,1675494000,3.52
2023,2,4,3,0,0,1675497600,2.75
2023,2,4,4,0,0,1675501200,0.96
2023,2,4,5,0,0,1675504800,0.76
2023,2,4,6,0,0,1675508400,1.19
2023,2,4,7,0,0,1675512000,2.89
2023,2,4,8,0,0,1675515600,4.07
2023,2,4,9,0,0,1675519200,1.85
2023,2,4,10,0,0,1675522800,3.01
2023,2,4,11,0,0,1675526400,3.31
2023,2,4,12,0,0,1675530000,0.42
2023,2,4,13,0,0,1675533600,3.15
2023,2,4,14,0,0,1675537200,0.35
2023,2,4,15,0,0,1675540800,0.49
2023,2,4,16,0,0,1675544400,2.99
2023,2,4,17,0,0,1675548000,0.6
2023,2,4,18,0,0,1675551600,2.83
2023,2,4,19,0,0,1675555200,1.75
2023,2,4,20,0,0,1675558800,3.39
2023,2,4,21,0,0,1675562400,3.72
2023,2,4,22,0,0,1675566000,3.13
2023,2,4,23,0,0,1675569600,4.21
2023,2,5,0,0,0,1675573200,0.11
2023,2,5,1,0,0,1675576800,1.32
2023,2,5,2,0,0,1675580400,2.09
2023,2,5,3,0,0,1675584000,3.21
2023,2,5,4,0,0,1675587600,3.95
2023,2,5,5,0,0,1675591200,4.25
2023,2,5,6,0,0,1675594800,0.1
2023,2,5,7,0,0,1675598400,1.5
2023,2,5,8,0,0,1675602000,2.96
2023,2,5,9,0,0,1675605600,3.29
2023,2,5,10,0,0,1675609200,3.81
2023,2,5,11,0,0,1675612800,1.79
2023,2,5,12,0,0,1675616400,0.58
2023,2,5,13,0,0,1675620000,1.26
2023,2,5,14,0,0,1675623600,0.84
2023,2,5,15,0,0,1675627200,2.29
2023,2,5,16,0,0,1675630800,0.38
2023,2,5,17,0,0,1675634400,0.51
2023,2,5,18,0,0,1675638000,3.16
2023,2,5,19,0,0,1675641600,2.12
2023,2,5,20,0,0,1675645200,0.99
2023,2,5,21,0,0,1675648800,2.34
2023,2,5,22,0,0,1675652400,4.74
2023,2,5,23,0,0,1675656000,4.67
2023,2,6,0,0,0,1675659600,1.27
2023,2,6,1,0,0,1675663200,3.37
2023,2,6,2,0,0,1675666800,4.32
2023,2,6,3,0,0,1675670400,4.67
2023,2,6,4,0,0,1675674000,4.32
2023,2,6,5,0,0,1675677600,1.87
2023,2,6,6,0,0,1675681200,3.35
2023,2,6,7,0,0,1675684800,3.49
2023,2,6,8,0,0,1675688400,3.65
2023,2,6,9,0,0,1675692000,0.16
2023,2,6,10,0,0,1675695600,0.74
2023,2,6,11,0,0,1675699200,1.65
2023,2,6,12,0,0,1675702800,3.27
2023,2,6,13,0,0,1675706400,2.41
2023,2,6,14,0,0,1675710000,3.77
2023,2,6,15,0,0,1675713600,3.23
2023,2,6,16,0,0,1675717200,0.22
2023,2,6,17,0,0,1675720800,2.04
2023,2,6,18,0,0,1675724400,0.75
2023,2,6,19,0,0,1675728000,3.93
2023,2,6,20,0,0,1675731600,4.43
2023,2,6,21,0,0,1675735200,3.38
2023,2,6,22,0,0,1675738800,4.55
2023,2,6,23,0,0,1675742400,2.31
2023,2,7,0,0,0,1675746000,3.33
2023,2,7,1,0,0,1675749600,4.44
2023,2,7,2,0,0,1675753200,0.14
2023,2,7,3,0,0,1675756800,4.5
2023,2,7,4,0,0,1675760400,2.68
2023,2,7,5,0,0,1675764000,2.38
2023,2,7,6,0,0,1675767600,2.29
2023,2,7,7,0,0,1675771200,4.07
2023,2,7,8,0,0,1675774800,4.12
2023,2,7,9,0,0,1675778400,2.68
2023,2,7,10,0,0,1675782000,4.66
2023,2,7,11,0,0,1675785600,4.07
2023,2,7,12,0,0,1675789200,1.68
2023,2,7,13,0,0,1675792800,3.67
2023,2,7,14,0,0,1675796400,4.52
2023,2,7,15,0,0,1675800000,2.03
2023,2,7,16,0,0,1675803600,0.93
2023,2,7,17,0,0,1675807200,1.77
2023,2,7,18,0,0,1675810800,1.62
2023,2,7,19,0,0,1675814400,0.18
2023,2,7,20,0,0,1675818000,4.9
2023,2,7,21,0,0,1675821600,0.94
2023,2,7,22,0,0,1675825200,1.3
2023,2,7,23,0,0,1675828800,1.04
2023,2,8,0,0,0,1675832400,0.53
2023,2,8,1,0,0,1675836000,2.18
2023,2,8,2,0,0,1675839600,3.14
2023,2,8,3,0,0,1675843200,3.28
2023,2,8,4,0,0,1675846800,0.15
2023,2,8,5,0,0,1675850400,4.61
2023,2,8,6,0,0,1675854000,2.63
2023,2,8,7,0,0,1675857600,0.36
2023,2,8,8,0,0,1675861200,3.28
2023,2,8,9,0,0,1675864800,2.53
2023,2,8,10,0,0,1675868400,3.02
2023,2,8,11,0,0,1675872000,4.87
2023,2,8,12,0,0,1675875600,1.27
2023,2,8,13,0,0,1675879200,3.0
2023,2,8,14,0,0,1675882800,0.32
2023,2,8,15,0,0,1675886400,3.73
2023,2,8,16,0,0,1675890000,2.69
2023,2,8,17,0,0,1675893600,1.0
2023,2,8,18,0,0,1675897200,4.84
2023,2,8,19,0,0,1675900800,4.01
2023,2,8,20,0,0,1675904400,0.32
2023,2,8,21,0,0,1675908000,2.48
2023,2,8,22,0,0,1675911600,3.21
2023,2,8,23,0,0,1675915200,2.28
2023,2,9,0,0,0,1675918800,2.41
2023,2,9,1,0,0,1675922400,4.95
2023,2,9,2,0,0,1675926000,4.17
2023,2,9,3,0,0,1675929600,0.31
2023,2,9,4,0,0,1675933200,3.93
2023,2,9,5,0,0,1675936800,1.73
2023,2,9,6,0,0,1675940400,0.55
2023,2,9,7,0,0,1675944000,2.38
2023,2,9,8,0,0,1675947600,3.97
2023,2,9,9,0,0,1675951200,1.68
2023,2,9,10,0,0,1675954800,3.0
2023,2,9,11,0,0,1675958400,2.12
2023,2,9,12,0,0,1675962000,1.33
2023,2,9,13,0,0,1675965600,0.71
2023,2,9,14,0,0,1675969200,1.09
2023,2,9,15,0,0,1675972800,3.5
2023,2,9,16,0,0,1675976400,0.2
2023,2,9,17,0,0,1675980000,4.92
2023,2,9,18,0,0,1675983600,1.86
2023,2,9,19,0,0,1675987200,3.28
2023,2,9,20,0,0,1675990800,3.71
2023,2,9,21,0,0,1675994400,0.33
2023,2,9,22,0,0,1675998000,3.46
2023,2,9,23,0,0,1676001600,3.04
2023,2,10,0,0,0,1676005200,4.47
2023,2,10,1,0,0,1676008800,0.84
2023,2,10,2,0,0,1676012400,4.13
2023,2,10,3,0,0,1676016000,4.31
2023,2,10,4,0,0,1676019600,2.17
2023,2,10,5,0,0,1676023200,2.77
2023,2,10,6,0,0,1676026800,0.98
2023,2,10,7,0,0,1676030400,1.04
2023,2,10,8,0,0,1676034000,1.6
2023,2,10,9,0,0,1676037600,0.94
2023,2,10,10,0,0,1676041200,2.15
2023,2,10,11,0,0,1676044800,2.92
2023,2,10,12,0,0,1676048400,0.46
2023,2,10,13,0,0,1676052000,0.59
2023,2,10,14,0,0,1676055600,3.89
2023,2,10,15,0,0,1676059200,2.67
2023,2,10,16,0,0,1676062800,4.86
2023,2,10,17,0,0,1676066400,1.9
2023,2,10,18,0,0,1676070000,2.41
2023,2,10,19,0,0,1676073600,3.16
2023,2,10,20,0,0,1676077200,2.02
2023,2,10,21,0,0,1676080800,0.68
2023,2,10,22,0,0,1676084400,0.59
2023,2,10,23,0,0,1676088000,1.64
2023,2,11,0,0,0,1676091600,2.66
2023,2,11,1,0,0,1676095200,2.27
2023,2,11,2,0,0,1676098800,1.12
2023,2,11,3,0,0,1676102400,1.13
2023,2,11,4,0,0,1676106000,0.16
2023,2,11,5,0,0,1676109600,0.76
2023,2,11,6,0,0,1676113200,4.4
2023,2,11,7,0,0,1676116800,1.96
2023,2,11,8,0,0,1676120400,0.93
2023,2,11,9,0,0,1676124000,0.93
2023,2,11,10,0,0,1676127600,0.64
2023,2,11,11,0,0,1676131200,2.25
2023,2,11,12,0,0,1676134800,4.77
2023,2,11,13,0,0,1676138400,4.6
2023,2,11,14,0,0,1676142000,1.59
2023,2,11,15,0,0,1676145600,0.33
2023,2,11,16,0,0,1676149200,1.65
2023,2,11,17,0,0,1676152800,4.36
2023,2,11,18,0,0,1676156400,4.44
2023,2,11,19,0,0,1676160000,0.84
2023,2,11,20,0,0,1676163600,0.22
2023,2,11,21,0,0,1676167200,0.57
2023,2,11,22,0,0,1676170800,2.7
2023,2,11,23,0,0,1676174400,4.61
2023,2,12,0,0,0,1676178000,0.41
2023,2,12,1,0,0,1676181600,3.92
2023,2,12,2,0,0,1676185200,4.76
2023,2,12,3,0,0,1676188800,4.46
2023,2,12,4,0,0,1676192400,2.28
2023,2,12,5,0,0,1676196000,3.69
2023,2,12,6,0,0,1676199600,2.99
2023,2,12,7,0,0,1676203200,2.3
2023,2,12,8,0,0,1676206800,3.3
2023,2,12,9,0,0,1676210400,3.51
2023,2,12,10,0,0,1676214000,1.61
2023,2,12,11,0,0,1676217600,2.59
2023,2,12,12,0,0,1676221200,1.83
2023,2,12,13,0,0,1676224800,4.52
2023,2,12,14,0,0,1676228400,3.84
2023,2,12,15,0,0,1676232000,4.55
2023,2,12,16,0,0,1676235600,2.13
2023,2,12,17,0,0,1676239200,3.26
2023,2,12,18,0,0,1676242800,0.22
2023,2,12,19,0,0,1676246400,1.51
2023,2,12,20,0,0,1676250000,1.59
2023,2,12,21,0,0,1676253600,3.52
2023,2,12,22,0,0,1676257200,2.33
2023,2,12,23,0,0,1676260800,2.74
2023,2,13,0,0,0,1676264400,2.83
2023,2,13,1,0,0,1676268000,1.22
2023,2,13,2,0,0,1676271600,2.72
2023,2,13,3,0,0,1676275200,0.94
2023,2,13,4,0,0,1676278800,4.4
2023,2,13,5,0,0,1676282400,2.77
2023,2,13,6,0,0,1676286000,3.61
2023,2,13,7,0,0,1676289600,0.71
2023,2,13,8,0,0,1676293200,1.45
2023,2,13,9,0,0,1676296800,2.03
2023,2,13,10,0,0,1676300400,0.99
2023,2,13,11,0,0,1676304000,3.25
2023,2,13,12,0,0,1676307600,3.17
2023,2,13,13,0,0,1676311200,4.65
2023,2,13,14,0,0,1676314800,3.74
2023,2,13,15,0,0,1676318400,0.57
2023,2,13,16,0,0,1676322000,4.5
2023,2,13,17,0,0,1676325600,3.04
2023,2,13,18,0,0,1676329200,2.65
2023,2,13,19,0,0,1676332800,1.42
2023,2,13,20,0,0,1676336400,4.6
2023,2,13,21,0,0,1676340000,1.03
2023,2,13,22,0,0,1676343600,1.58
2023,2,13,23,0,0,1676347200,2.16
2023,2,14,0,0,0,1676350800,0.34
2023,2,14,1,0,0,1676354400,3.13
2023,2,14,2,0,0,1676358000,0.73
2023,2,14,3,0,0,1676361600,4.6
2023,2,14,4,0,0,1676365200,1.69
2023,2,14,5,0,0,1676368800,2.51
2023,2,14,6,0,0,1676372400,2.64
2023,2,14,7,0,0,1676376000,2.76
2023,2,14,8,0,0,1676379600,1.82
2023,2,14,9,0,0,1676383200,2.76
2023,2,14,10,0,0,1676386800,0.92
2023,2,14,11,0,0,1676390400,4.96
2023,2,14,12,0,0,1676394000,2.62
2023,2,14,13,0,0,1676397600,2.75
2023,2,14,14,0,0,1676401200,0.49
2023,2,14,15,0,0,1676404800,2.17
2023,2,14,16,0,0,1676408400,4.95
2023,2,14,17,0,0,1676412000,0.31
2023,2,14,18,0,0,1676415600,2.51
2023,2,14,19,0,0,1676419200,1.42
2023,2,14,20,0,0,1676422800,1.29
2023,2,14,21,0,0,1676426400,3.92
2023,2,14,22,0,0,1676430000,4.71
2023,2,14,23,0,0,1676433600,2.63
2023,2,15,0,0,0,1676437200,2.0
2023,2,15,1,0,0,1676440800,4.7
2023,2,15,2,0,0,1676444400,4.54
2023,2,15,3,0,0,1676448000,1.93
2023,2,15,4,0,0,1676451600,2.99
2023,2,15,5,0,0,1676455200,4.32
2023,2,15,6,0,0,1676458800,4.18
2023,2,15,7,0,0,1676462400,1.84
2023,2,15,8,0,0,1676466000,4.07
2023,2,15,9,0,0,1676469600,2.3
2023,2,15,10,0,0,1676473200,0.77
2023,2,15,11,0,0,1676476800,2.83
2023,2,15,12,0,0,1676480400,2.86
2023,2,15,13,0,0,1676484000,1.58
2023,2,15,14,0,0,1676487600,3.5
2023,2,15,15,0,0,1676491200,2.16
2023,2,15,16,0,0,1676494800,3.76
2023,2,15,17,0,0,1676498400,4.86
2023,2,15,18,0,0,1676502000,3.27
2023,2,15,19,0,0,1676505600,0.95
2023,2,15,20,0,0,1676509200,3.51
2023,2,15,21,0,0,1676512800,1.91
2023,2,15,22,0,0,1676516400,3.87
2023,2,15,23,0,0,1676520000,3.11
2023,2,16,0,0,0,1676523600,4.1
2023,2,16,1,0,0,1676527200,2.64
2023,2,16,2,0,0,1676530800,3.98
2023,2,16,3,0,0,1676534400,2.29
2023,2,16,4,0,0,1676538000,3.65
2023,2,16,5,0,0,1676541600,3.94
2023,2,16,6,0,0,1676545200,3.8
2023,2,16,7,0,0,1676548800,4.03
2023,2,16,8,0,0,1676552400,1.76
2023,2,16,9,0,0,1676556000,1.09
2023,2,16,10,0,0,1676559600,0.14
2023,2,16,11,0,0,1676563200,4.89
2023,2,16,12,0,0,1676566800,0.1
2023,2,16,13,0,0,1676570400,4.13
2023,2,16,14,0,0,1676574000,4.53
2023,2,16,15,0,0,1676577600,4.94
2023,2,16,16,0,0,1676581200,2.81
2023,2,16,17,0,0,1676584800,1.35
2023,2,16,18,0,0,1676588400,0.33
2023,2,16,19,0,0,1676592000,2.47
2023,2,16,20,0,0,1676595600,3.63
2023,2,16,21,0,0,1676599200,2.53
2023,2,16,22,0,0,1676602800,2.01
2023,2,16,23,0,0,1676606400,0.86
2023,2,17,0,0,0,1676610000,2.34
2023,2,17,1,0,0,1676613600,4.72
2023,2,17,2,0,0,1676617200,3.38
2023,2,17,3,0,0,1676620800,0.59
2023,2,17,4,0,0,1676624400,1.26
2023,2,17,5,0,0,1676628000,0.13
2023,2,17,6,0,0,1676631600,2.14
2023,2,17,7,0,0,1676635200,1.65
2023,2,17,8,0,0,1676638800,4.96
2023,2,17,9,0,0,1676642400,2.24
2023,2,17,10,0,0,1676646000,0.7
2023,2,17,11,0,0,1676649600,0.9
2023,2,17,12,0,0,1676653200,1.86
2023,2,17,13,0,0,1676656800,0.16
2023,2,17,14,0,0,1676660400,2.6
2023,2,17,15,0,0,1676664000,1.85
2023,2,17,16,0,0,1676667600,3.11
2023,2,17,17,0,0,1676671200,3.02
2023,2,17,18,0,0,1676674800,1.04
2023,2,17,19,0,0,1676678400,2.52
2023,2,17,20,0,0,1676682000,1.51
2023,2,17,21,0,0,1676685600,3.81
2023,2,17,22,0,0,1676689200,4.68
2023,2,17,23,0,0,1676692800,0.91
2023,2,18,0,0,0,1676696400,1.01
2023,2,18,1,0,0,1676700000,4.25
2023,2,18,2,0,0,1676703600,4.09
2023,2,18,3,0,0,1676707200,0.28
2023,2,18,4,0,0,1676710800,1.01
2023,2,18,5,0,0,1676714400,2.45
2023,2,18,6,0,0,1676718000,2.36
2023,2,18,7,0,0,1676721600,4.95
2023,2,18,8,0,0,1676725200,4.55
2023,2,18,9,0,0,1676728800,1.45
2023,2,18,10,0,0,1676732400,1.49
2023,2,18,11,0,0,1676736000,3.18
2023,2,18,12,0,0,1676739600,3.21
2023,2,18,13,0,0,1676743200,2.13
2023,2,18,14,0,0,1676746800,1.74
2023,2,18,15,0,0,1676750400,4.13
2023,2,18,16,0,0,1676754000,3.49
2023,2,18,17,0,0,1676757600,3.63
2023,2,18,18,0,0,1676761200,1.89
2023,2,18,19,0,0,1676764800,3.2
2023,2,18,20,0,0,1676768400,0.31
2023,2,18,21,0,0,1676772000,4.91
2023,2,18,22,0,0,1676775600,1.68
2023,2,18,23,0,0,1676779200,2.68
2023,2,19,0,0,0,1676782800,3.14
2023,2,19,1,0,0,1676786400,2.82
2023,2,19,2,0,0,1676790000,4.83
2023,2,19,3,0,0,1676793600,3.92
2023,2,19,4,0,0,1676797200,1.57
2023,2,19,5,0,0,1676800800,3.69
2023,2,19,6,0,0,1676804400,2.57
2023,2,19,7,0,0,1676808000,1.85
2023,2,19,8,0,0,1676811600,1.72
2023,2,19,9,0,0,1676815200,3.49
2023,2,19,10,0,0,1676818800,2.16
2023,2,19,11,0,0,1676822400,3.86
2023,2,19,12,0,0,1676826000,0.3
2023,2,19,13,0,0,1676829600,1.68
2023,2,19,14,0,0,1676833200,0.62
2023,2,19,15,0,0,1676836800,4.13
2023,2,19,16,0,0,1676840400,3.51
2023,2,19,17,0,0,1676844000,4.11
2023,2,19,18,0,0,1676847600,3.78
2023,2,19,19,0,0,1676851200,4.78
2023,2,19,20,0,0,1676854800,3.7
2023,2,19,21,0,0,1676858400,0.69
2023,2,19,22,0,0,1676862000,1.52
2023,2,19,23,0,0,1676865600,0.42
2023,2,20,0,0,0,1676869200,3.97
2023,2,20,1,0,0,1676872800,0.14
2023,2,20,2,0,0,1676876400,2.7
2023,2,20,3,0,0,1676880000,1.17
2023,2,20,4,0,0,1676883600,2.26
2023,2,20,5,0,0,1676887200,0.6
2023,2,20,6,0,0,1676890800,4.3
2023,2,20,7,0,0,1676894400,0.5
2023,2,20,8,0,0,1676898000,3.97
2023,2,20,9,0,0,1676901600,0.67
2023,2,20,10,0,0,1676905200,3.18
2023,2,20,11,0,0,1676908800,4.45
2023,2,20,12,0,0,1676912400,2.66
2023,2,20,13,0,0,1676916000,1.94
2023,2,20,14,0,0,1676919600,3.43
2023,2,20,15,0,0,1676923200,1.42
2023,2,20,16,0,0,1676926800,4.01
2023,2,20,17,0,0,1676930400,4.76
2023,2,20,18,0,0,1676934000,3.18
2023,2,20,19,0,0,1676937600,0.78
2023,2,20,20,0,0,1676941200,1.0
2023,2,20,21,0,0,1676944800,3.73
2023,2,20,22,0,0,1676948400,3.25
2023,2,20,23,0,0,1676952000,0.54
2023,2,21,0,0,0,1676955600,1.34
2023,2,21,1,0,0,1676959200,2.34
2023,2,21,2,0,0,1676962800,4.83
2023,2,21,3,0,0,1676966400,2.88
2023,2,21,4,0,0,1676970000,2.06
2023,2,21,5,0,0,1676973600,0.94
2023,2,21,6,0,0,1676977200,4.94
2023,2,21,7,0,0,1676980800,4.73
2023,2,21,8,0,0,1676984400,2.36
2023,2,21,9,0,0,1676988000,3.08
2023,2,21,10,0,0,1676991600,1.96
2023,2,21,11,0,0,1676995200,3.21
2023,2,21,12,0,0,1676998800,0.16
2023,2,21,13,0,0,1677002400,2.14
2023,2,21,14,0,0,1677006000,2.3
2023,2,21,15,0,0,1677009600,2.55
2023,2,21,16,0,0,1677013200,1.12
2023,2,21,17,0,0,1677016800,5.0
2023,2,21,18,0,0,1677020400,1.53
2023,2,21,19,0,0,1677024000,0.73
2023,2,21,20,0,0,1677027600,0.47
2023,2,21,21,0,0,1677031200,0.77
2023,2,21,22,0,0,1677034800,1.39
2023,2,21,23,0,0,1677038400,1.86
2023,2,22,0,0,0,1677042000,0.17
2023,2,22,1,0,0,1677045600,0.7
2023,2,22,2,0,0,1677049200,2.62
2023,2,22,3,0,0,1677052800,2.37
2023,2,22,4,0,0,1677056400,1.61
2023,2,22,5,0,0,1677060000,3.82
2023,2,22,6,0,0,1677063600,2.51
2023,2,22,7,0,0,1677067200,2.74
2023,2,22,8,0,0,1677070800,0.45
2023,2,22,9,0,0,1677074400,4.02
2023,2,22,10,0,0,1677078000,1.8
2023,2,22,11,0,0,1677081600,2.46
2023,2,22,12,0,0,1677085200,0.24
2023,2,22,13,0,0,1677088800,1.81
2023,2,22,14,0,0,1677092400,4.49
2023,2,22,15,0,0,1677096000,2.66
2023,2,22,16,0,0,1677099600,1.96
2023,2,22,17,0,0,1677103200,1.53
2023,2,22,18,0,0,1677106800,1.31
2023,2,22,19,0,0,1677110400,2.53
2023,2,22,20,0,0,1677114000,1.05
2023,2,22,21,0,0,1677117600,4.14
2023,2,22,22,0,0,1677121200,0.57
2023,2,22,23,0,0,1677124800,4.8
2023,2,23,0,0,0,1677128400,0.97
2023,2,23,1,0,0,1677132000,0.39
2023,2,23,2,0,0,1677135600,0.46
2023,2,23,3,0,0,1677139200,1.36
2023,2,23,4,0,0,1677142800,4.6
2023,2,23,5,0,0,1677146400,3.09
2023,2,23,6,0,0,1677150000,1.2
2023,2,23,7,0,0,1677153600,2.54
2023,2,23,8,0,0,1677157200,1.85
2023,2,23,9,0,0,1677160800,2.98
2023,2,23,10,0,0,1677164400,1.15
2023,2,23,11,0,0,1677168000,4.19
2023,2,23,12,0,0,1677171600,4.18
2023,2,23,13,0,0,1677175200,3.25
2023,2,23,14,0,0,1677178800,4.55
2023,2,23,15,0,0,1677182400,1.06
2023,2,23,16,0,0,1677186000,4.55
2023,2,23,17,0,0,1677189600,1.5
2023,2,23,18,0,0,1677193200,4.84
2023,2,23,19,0,0,1677196800,2.76
2023,2,23,20,0,0,1677200400,2.31
2023,2,23,21,0,0,1677204000,0.49
2023,2,23,22,0,0,1677207600,1.08
2023,2,23,23,0,0,1677211200,1.35
2023,2,24,0,0,0,1677214800,5.0
2023,2,24,1,0,0,1677218400,0.67
2023,2,24,2,0,0,1677222000,2.17
2023,2,24,3,0,0,1677225600,4.13
2023,2,24,4,0,0,1677229200,0.4
2023,2,24,5,0,0,1677232800,3.22
2023,2,24,6,0,0,1677236400,3.46
2023,2,24,7,0,0,1677240000,3.77
2023,2,24,8,0,0,1677243600,1.15
2023,2,24,9,0,0,1677247200,2.43
2023,2,24,10,0,0,1677250800,1.69
2023,2,24,11,0,0,1677254400,3.01
2023,2,24,12,0,0,1677258000,1.19
2023,2,24,13,0,0,1677261600,3.34
2023,2,24,14,0,0,1677265200,4.53
2023,2,24,15,0,0,1677268800,1.2
2023,2,24,16,0,0,1677272400,4.58
2023,2,24,17,0,0,1677276000,1.15
2023,2,24,18,0,0,1677279600,2.57
2023,2,24,19,0,0,1677283200,2.66
2023,2,24,20,0,0,1677286800,0.86
2023,2,24,21,0,0,1677290400,3.78
2023,2,24,22,0,0,1677294000,4.22
2023,2,24,23,0,0,1677297600,1.16
2023,2,25,0,0,0,1677301200,2.61
2023,2,25,1,0,0,1677304800,3.94
2023,2,25,2,0,0,1677308400,3.85
2023,2,25,3,0,0,1677312000,3.11
2023,2,25,4,0,0,1677315600,3.33
2023,2,25,5,0,0,1677319200,2.75
2023,2,25,6,0,0,1677322800,4.86
2023,2,25,7,0,0,1677326400,3.19
2023,2,25,8,0,0,1677330000,4.23
2023,2,25,9,0,0,1677333600,1.22
2023,2,25,10,0,0,1677337200,1.22
2023,2,25,11,0,0,1677340800,1.55
2023,2,25,12,0,0,1677344400,1.57
2023,2,25,13,0,0,1677348000,2.73
2023,2,25,14,0,0,1677351600,4.6
2023,2,25,15,0,0,1677355200,3.05
2023,2,25,16,0,0,1677358800,0.64
2023,2,25,17,0,0,1677362400,4.94
2023,2,25,18,0,0,1677366000,1.98
2023,2,25,19,0,0,1677369600,0.46
2023,2,25,20,0,0,1677373200,4.75
2023,2,25,21,0,0,1677376800,1.26
2023,2,25,22,0,0,1677380400,4.24
2023,2,25,23,0,0,1677384000,4.31
2023,2,26,0,0,0,1677387600,1.16
2023,2,26,1,0,0,1677391200,2.71
2023,2,26,2,0,0,1677394800,2.98
2023,2,26,3,0,0,1677398400,0.61
2023,2,26,4,0,0,1677402000,1.11
2023,2,26,5,0,0,1677405600,0.61
2023,2,26,6,0,0,1677409200,1.12
2023,2,26,7,0,0,1677412800,0.7
2023,2,26,8,0,0,1677416400,0.43
2023,2,26,9,0,0,1677420000,1.26
2023,2,26,10,0,0,1677423600,2.76
2023,2,26,11,0,0,1677427200,1.39
2023,2,26,12,0,0,1677430800,1.85
2023,2,26,13,0,0,1677434400,3.15
2023,2,26,14,0,0,1677438000,0.29
2023,2,26,15,0,0,1677441600,1.67
2023,2,26,16,0,0,1677445200,4.2
2023,2,26,17,0,0,1677448800,3.52
2023,2,26,18,0,0,1677452400,4.39
2023,2,26,19,0,0,1677456000,0.73
2023,2,26,20,0,0,1677459600,4.57
2023,2,26,21,0,0,1677463200,1.52
2023,2,26,22,0,0,1677466800,0.91
2023,2,26,23,0,0,1677470400,4.78
2023,2,27,0,0,0,1677474000,4.11
2023,2,27,1,0,0,1677477600,3.89
2023,2,27,2,0,0,1677481200,1.32
2023,2,27,3,0,0,1677484800,4.84
2023,2,27,4,0,0,1677488400,1.03
2023,2,27,5,0,0,1677492000,3.1
2023,2,27,6,0,0,1677495600,1.11
2023,2,27,7,0,0,1677499200,4.03
2023,2,27,8,0,0,1677502800,4.09
2023,2,27,9,0,0,1677506400,3.35
2023,2,27,10,0,0,1677510000,0.89
2023,2,27,11,0,0,1677513600,2.22
2023,2,27,12,0,0,1677517200,1.75
2023,2,27,13,0,0,1677520800,1.97
2023,2,27,14,0,0,1677524400,3.15
2023,2,27,15,0,0,1677528000,4.04
2023,2,27,16,0,0,1677531600,4.38
2023,2,27,17,0,0,1677535200,1.33
2023,2,27,18,0,0,1677538800,2.28
2023,2,27,19,0,0,1677542400,4.92
2023,2,27,20,0,0,1677546000,3.39
2023,2,27,21,0,0,1677549600,4.72
2023,2,27,22,0,0,1677553200,4.9
2023,2,27,23,0,0,1677556800,0.94
2023,2,28,0,0,0,1677560400,1.82
2023,2,28,1,0,0,1677564000,3.78
2023,2,28,2,0,0,1677567600,0.66
2023,2,28,3,0,0,1677571200,4.17
2023,2,28,4,0,0,1677574800,4.33
2023,2,28,5,0,0,1677578400,0.13
2023,2,28,6,0,0,1677582000,4.71
2023,2,28,7,0,0,1677585600,2.09
2023,2,28,8,0,0,1677589200,4.93
2023,2,28,9,0,0,1677592800,0.19
2023,2,28,10,0,0,1677596400,4.81
2023,2,28,11,0,0,1677600000,4.53
2023,2,28,12,0,0,1677603600,2.28
2023,2,28,13,0,0,1677607200,3.39
2023,2,28,14,0,0,1677610800,4.57
2023,2,28,15,0,0,1677614400,4.1
2023,2,28,16,0,0,1677618000,0.81
2023,2,28,17,0,0,1677621600,4.58
2023,2,28,18,0,0,1677625200,2.71
2023,2,28,19,0,0,1677628800,0.15
2023,2,28,20,0,0,1677632400,0.17
2023,2,28,21,0,0,1677636000,2.75
2023,2,28,22,0,0,1677639600,2.13
2023,2,28,23,0,0,1677643200,1.92
2023,3,1,0,0,0,1677646800,1.47
2023,3,1,1,0,0,1677650400,2.24
2023,3,1,2,0,0,1677654000,3.91
2023,3,1,3,0,0,1677657600,1.32
2023,3,1,4,0,0,1677661200,1.4
2023,3,1,5,0,0,1677664800,0.65
2023,3,1,6,0,0,1677668400,4.59
2023,3,1,7,0,0,1677672000,0.59
2023,3,1,8,0,0,1677675600,1.32
2023,3,1,9,0,0,1677679200,4.92
2023,3,1,10,0,0,1677682800,0.2
2023,3,1,11,0,0,1677686400,1.55
2023,3,1,12,0,0,1677690000,1.14
2023,3,1,13,0,0,1677693600,4.47
2023,3,1,14,0,0,1677697200,3.81
2023,3,1,15,0,0,1677700800,0.8
2023,3,1,16,0,0,1677704400,3.66
2023,3,1,17,0,0,1677708000,3.21
2023,3,1,18,0,0,1677711600,4.64
2023,3,1,19,0,0,1677715200,3.5
2023,3,1,20,0,0,1677718800,3.67
2023,3,1,21,0,0,1677722400,4.5
2023,3,1,22,0,0,1677726000,1.6
2023,3,1,23,0,0,1677729600,3.43
2023,3,2,0,0,0,1677733200,4.12
2023,3,2,1,0,0,1677736800,4.24
2023,3,2,2,0,0,1677740400,5.0
2023,3,2,3,0,0,1677744000,4.94
2023,3,2,4,0,0,1677747600,0.36
2023,3,2,5,0,0,1677751200,1.75
2023,3,2,6,0,0,1677754800,2.37
2023,3,2,7,0,0,1677758400,0.71
2023,3,2,8,0,0,1677762000,0.56
2023,3,2,9,0,0,1677765600,2.37
2023,3,2,10,0,0,1677769200,4.87
2023,3,2,11,0,0,1677772800,3.76
2023,3,2,12,0,0,1677776400,1.9
2023,3,2,13,0,0,1677780000,2.41
2023,3,2,14,0,0,1677783600,3.54
2023,3,2,15,0,0,1677787200,1.33
2023,3,2,16,0,0,1677790800,3.32
2023,3,2,17,0,0,1677794400,3.42
2023,3,2,18,0,0,1677798000,4.56
2023,3,2,19,0,0,1677801600,2.36
2023,3,2,20,0,0,1677805200,1.12
2023,3,2,21,0,0,1677808800,4.4
2023,3,2,22,0,0,1677812400,3.65
2023,3,2,23,0,0,1677816000,3.68
2023,3,3,0,0,0,1677819600,0.12
2023,3,3,1,0,0,1677823200,3.06
2023,3,3,2,0,0,1677826800,4.64
2023,3,3,3,0,0,1677830400,4.18
2023,3,3,4,0,0,1677834000,3.39
2023,3,3,5,0,0,1677837600,1.91
2023,3,3,6,0,0,1677841200,2.62
2023,3,3,7,0,0,1677844800,3.62
2023,3,3,8,0,0,1677848400,4.73
2023,3,3,9,0,0,1677852000,4.04
2023,3,3,10,0,0,1677855600,1.38
2023,3,3,11,0,0,1677859200,2.32
2023,3,3,12,0,0,1677862800,4.67
2023,3,3,13,0,0,1677866400,3.12
2023,3,3,14,0,0,1677870000,3.82
2023,3,3,15,0,0,1677873600,2.89
2023,3,3,16,0,0,1677877200,0.61
2023,3,3,17,0,0,1677880800,1.6
2023,3,3,18,0,0,1677884400,3.94
2023,3,3,19,0,0,1677888000,4.98
2023,3,3,20,0,0,1677891600,1.82
2023,3,3,21,0,0,1677895200,1.65
2023,3,3,22,0,0,1677898800,1.02
2023,3,3,23,0,0,1677902400,4.32
2023,3,4,0,0,0,1677906000,4.87
2023,3,4,1,0,0,1677909600,0.26
2023,3,4,2,0,0,1677913200,1.78
2023,3,4,3,0,0,1677916800,0.31
2023,3,4,4,0,0,1677920400,3.84
2023,3,4,5,0,0,1677924000,0.12
2023,3,4,6,0,0,1677927600,1.48
2023,3,4,7,0,0,1677931200,3.01
2023,3,4,8,0,0,1677934800,1.92
2023,3,4,9,0,0,1677938400,1.14
2023,3,4,10,0,0,1677942000,3.98
2023,3,4,11,0,0,1677945600,3.03
2023,3,4,12,0,0,1677949200,1.37
2023,3,4,13,0,0,1677952800,4.41
2023,3,4,14,0,0,1677956400,1.52
2023,3,4,15,0,0,1677960000,1.48
2023,3,4,16,0,0,1677963600,3.55
2023,3,4,17,0,0,1677967200,3.38
2023,3,4,18,0,0,1677970800,3.42
2023,3,4,19,0,0,1677974400,4.97
2023,3,4,20,0,0,1677978000,1.03
2023,3,4,21,0,0,1677981600,1.97
2023,3,4,22,0,0,1677985200,4.55
2023,3,4,23,0,0,1677988800,0.72
2023,3,5,0,0,0,1677992400,3.49
2023,3,5,1,0,0,1677996000,1.07
2023,3,5,2,0,0,1677999600,4.39
2023,3,5,3,0,0,1678003200,3.44
2023,3,5,4,0,0,1678006800,4.99
2023,3,5,5,0,0,1678010400,1.18
2023,3,5,6,0,0,1678014000,0.68
2023,3,5,7,0,0,1678017600,1.11
2023,3,5,8,0,0,1678021200,0.76
2023,3,5,9,0,0,1678024800,3.7
2023,3,5,10,0,0,1678028400,4.01
2023,3,5,11,0,0,1678032000,3.18
2023,3,5,12,0,0,1678035600,2.93
2023,3,5,13,0,0,1678039200,3.73
2023,3,5,14,0,0,1678042800,2.8
2023,3,5,15,0,0,1678046400,0.44
2023,3,5,16,0,0,1678050000,3.33
2023,3,5,17,0,0,1678053600,0.21
2023,3,5,18,0,0,1678057200,1.65
2023,3,5,19,0,0,1678060800,3.82
2023,3,5,20,0,0,1678064400,2.62
2023,3,5,21,0,0,1678068000,3.24
2023,3,5,22,0,0,1678071600,0.2
2023,3,5,23,0,0,1678075200,1.78
2023,3,6,0,0,0,1678078800,1.95
2023,3,6,1,0,0,1678082400,1.3
2023,3,6,2,0,0,1678086000,3.45
2023,3,6,3,0,0,1678089600,2.64
2023,3,6,4,0,0,1678093200,1.03
2023,3,6,5,0,0,1678096800,4.75
2023,3,6,6,0,0,1678100400,0.84
2023,3,6,7,0,0,1678104000,3.02
2023,3,6,8,0,0,1678107600,3.94
2023,3,6,9,0,0,1678111200,0.41
2023,3,6,10,0,0,1678114800,2.41
2023,3,6,11,0,0,1678118400,2.14
2023,3,6,12,0,0,1678122000,4.13
2023,3,6,13,0,0,1678125600,4.3
2023,3,6,14,0,0,1678129200,4.59
2023,3,6,15,0,0,1678132800,0.57
2023,3,6,16,0,0,1678136400,0.85
2023,3,6,17,0,0,1678140000,1.1
2023,3,6,18,0,0,1678143600,1.34
2023,3,6,19,0,0,1678147200,0.56
2023,3,6,20,0,0,1678150800,2.95
2023,3,6,21,0,0,1678154400,4.93
2023,3,6,22,0,0,1678158000,3.13
2023,3,6,23,0,0,1678161600,1.09
2023,3,7,0,0,0,1678165200,4.49
2023,3,7,1,0,0,1678168800,3.32
2023,3,7,2,0,0,1678172400,3.38
2023,3,7,3,0,0,1678176000,0.41
2023,3,7,4,0,0,1678179600,1.19
2023,3,7,5,0,0,1678183200,4.54
2023,3,7,6,0,0,1678186800,3.04
2023,3,7,7,0,0,1678190400,4.89
2023,3,7,8,0,0,1678194000,0.89
2023,3,7,9,0,0,1678197600,2.49
2023,3,7,10,0,0,1678201200,4.31
2023,3,7,11,0,0,1678204800,2.48
2023,3,7,12,0,0,1678208400,4.25
2023,3,7,13,0,0,1678212000,1.6
2023,3,7,14,0,0,1678215600,2.46
2023,3,7,15,0,0,1678219200,3.37
2023,3,7,16,0,0,1678222800,4.32
2023,3,7,17,0,0,1678226400,1.64
2023,3,7,18,0,0,1678230000,1.65
2023,3,7,19,0,0,1678233600,2.97
2023,3,7,20,0,0,1678237200,0.85
2023,3,7,21,0,0,1678240800,1.48
2023,3,7,22,0,0,1678244400,1.27
2023,3,7,23,0,0,1678248000,1.43
2023,3,8,0,0,0,1678251600,0.52
2023,3,8,1,0,0,1678255200,0.46
2023,3,8,2,0,0,1678258800,0.64
2023,3,8,3,0,0,1678262400,3.21
2023,3,8,4,0,0,1678266000,1.24
2023,3,8,5,0,0,1678269600,2.32
2023,3,8,6,0,0,1678273200,1.28
2023,3,8,7,0,0,1678276800,2.27
2023,3,8,8,0,0,1678280400,2.02
2023,3,8,9,0,0,1678284000,1.82
2023,3,8,10,0,0,1678287600,0.56
2023,3,8,11,0,0,1678291200,2.24
2023,3,8,12,0,0,1678294800,3.06
2023,3,8,13,0,0,1678298400,3.41
2023,3,8,14,0,0,1678302000,1.66
2023,3,8,15,0,0,1678305600,1.68
2023,3,8,16,0,0,1678309200,0.82
2023,3,8,17,0,0,1678312800,2.96
2023,3,8,18,0,0,1678316400,3.23
2023,3,8,19,0,0,1678320000,4.31
2023,3,8,20,0,0,1678323600,1.61
2023,3,8,21,0,0,1678327200,3.18
2023,3,8,22,0,0,1678330800,4.61
2023,3,8,23,0,0,1678334400,2.47
2023,3,9,0,0,0,1678338000,3.87
2023,3,9,1,0,0,1678341600,1.09
2023,3,9,2,0,0,1678345200,3.39
2023,3,9,3,0,0,1678348800,0.23
2023,3,9,4,0,0,1678352400,1.42
2023,3,9,5,0,0,1678356000,4.43
2023,3,9,6,0,0,1678359600,1.73
2023,3,9,7,0,0,1678363200,1.14
2023,3,9,8,0,0,1678366800,2.6
2023,3,9,9,0,0,1678370400,4.51
2023,3,9,10,0,0,1678374000,1.32
2023,3,9,11,0,0,1678377600,2.67
2023,3,9,12,0,0,1678381200,3.88
2023,3,9,13,0,0,1678384800,2.69
2023,3,9,14,0,0,1678388400,1.15
2023,3,9,15,0,0,1678392000,0.8
2023,3,9,16,0,0,1678395600,3.56
2023,3,9,17,0,0,1678399200,3.96
2023,3,9,18,0,0,1678402800,3.5
2023,3,9,19,0,0,1678406400,3.97
2023,3,9,20,0,0,1678410000,0.18
2023,3,9,21,0,0,1678413600,2.27
2023,3,9,22,0,0,1678417200,4.39
2023,3,9,23,0,0,1678420800,1.52
2023,3,10,0,0,0,1678424400,1.6
2023,3,10,1,0,0,1678428000,2.62
2023,3,10,2,0,0,1678431600,4.27
2023,3,10,3,0,0,1678435200,3.24
2023,3,10,4,0,0,1678438800,1.34
2023,3,10,5,0,0,1678442400,4.26
2023,3,10,6,0,0,1678446000,0.47
2023,3,10,7,0,0,1678449600,1.14
2023,3,10,8,0,0,1678453200,1.96
2023,3,10,9,0,0,1678456800,1.42
2023,3,10,10,0,0,1678460400,4.55
2023,3,10,11,0,0,1678464000,0.53
2023,3,10,12,0,0,1678467600,0.85
2023,3,10,13,0,0,1678471200,3.44
2023,3,10,14,0,0,1678474800,1.96
2023,3,10,15,0,0,1678478400,4.71
2023,3,10,16,0,0,1678482000,4.54
2023,3,10,17,0,0,1678485600,1.58
2023,3,10,18,0,0,1678489200,1.58
2023,3,10,19,0,0,1678492800,2.09
2023,3,10,20,0,0,1678496400,2.74
2023,3,10,21,0,0,1678500000,0.49
2023,3,10,22,0,0,1678503600,3.59
2023,3,10,23,0,0,1678507200,4.9
2023,3,11,0,0,0,1678510800,0.47
2023,3,11,1,0,0,1678514400,1.15
2023,3,11,2,0,0,1678518000,2.17
2023,3,11,3,0,0,1678521600,2.35
2023,3,11,4,0,0,1678525200,2.46
2023,3,11,5,0,0,1678528800,2.91
2023,3,11,6,0,0,1678532400,3.53
2023,3,11,7,0,0,1678536000,0.23
2023,3,11,8,0,0,1678539600,2.91
2023,3,11,9,0,0,1678543200,1.69
2023,3,11,10,0,0,1678546800,4.36
2023,3,11,11,0,0,1678550400,0.47
2023,3,11,12,0,0,1678554000,1.57
2023,3,11,13,0,0,1678557600,0.8
2023,3,11,14,0,0,1678561200,4.3
2023,3,11,15,0,0,1678564800,0.61
2023,3,11,16,0,0,1678568400,2.6
2023,3,11,17,0,0,1678572000,3.8
2023,3,11,18,0,0,1678575600,2.53
2023,3,11,19,0,0,1678579200,2.29
2023,3,11,20,0,0,1678582800,3.09
2023,3,11,21,0,0,1678586400,0.45
2023,3,11,22,0,0,1678590000,4.51
2023,3,11,23,0,0,1678593600,1.49
2023,3,12,0,0,0,1678597200,1.82
2023,3,12,1,0,0,1678600800,1.09
2023,3,12,3,0,0,1678604400,4.05
2023,3,12,4,0,0,1678608000,2.58
2023,3,12,5,0,0,1678611600,2.48
2023,3,12,6,0,0,1678615200,0.73
2023,3,12,7,0,0,1678618800,0.96
2023,3,12,8,0,0,1678622400,3.86
2023,3,12,9,0,0,1678626000,2.38
2023,3,12,10,0,0,1678629600,3.38
2023,3,12,11,0,0,1678633200,3.36
2023,3,12,12,0,0,1678636800,3.19
2023,3,12,13,0,0,1678640400,0.57
2023,3,12,14,0,0,1678644000,4.35
2023,3,12,15,0,0,1678647600,1.36
2023,3,12,16,0,0,1678651200,1.06
2023,3,12,17,0,0,1678654800,1.95
2023,3,12,18,0,0,1678658400,4.47
2023,3,12,19,0,0,1678662000,4.51
2023,3,12,20,0,0,1678665600,2.92
2023,3,12,21,0,0,1678669200,1.62
2023,3,12,22,0,0,1678672800,2.65
2023,3,12,23,0,0,1678676400,0.3
2023,3,13,0,0,0,1678680000,4.63
2023,3,13,1,0,0,1678683600,4.36
2023,3,13,2,0,0,1678687200,0.64
2023,3,13,3,0,0,1678690800,4.26
2023,3,13,4,0,0,1678694400,4.3
2023,3,13,5,0,0,1678698000,4.5
2023,3,13,6,0,0,1678701600,0.29
2023,3,13,7,0,0,1678705200,2.57
2023,3,13,8,0,0,1678708800,4.75
2023,3,13,9,0,0,1678712400,4.44
2023,3,13,10,0,0,1678716000,2.61
2023,3,13,11,0,0,1678719600,3.71
2023,3,13,12,0,0,1678723200,3.2
2023,3,13,13,0,0,1678726800,3.89
2023,3,13,14,0,0,1678730400,3.62
2023,3,13,15,0,0,1678734000,1.99
2023,3,13,16,0,0,1678737600,1.19
2023,3,13,17,0,0,1678741200,0.43
2023,3,13,18,0,0,1678744800,4.99
2023,3,13,19,0,0,1678748400,0.16
2023,3,13,20,0,0,1678752000,3.36
2023,3,13,21,0,0,1678755600,3.49
2023,3,13,22,0,0,1678759200,4.6
2023,3,13,23,0,0,1678762800,3.27
2023,3,14,0,0,0,1678766400,4.79
2023,3,14,1,0,0,1678770000,2.96
2023,3,14,2,0,0,1678773600,1.55
2023,3,14,3,0,0,1678777200,0.37
2023,3,14,4,0,0,1678780800,0.81
2023,3,14,5,0,0,1678784400,4.87
2023,3,14,6,0,0,1678788000,3.18
2023,3,14,7,0,0,1678791600,3.23
2023,3,14,8,0,0,1678795200,2.12
2023,3,14,9,0,0,1678798800,1.36
2023,3,14,10,0,0,1678802400,0.59
2023,3,14,11,0,0,1678806000,0.98
2023,3,14,12,0,0,1678809600,3.05
2023,3,14,13,0,0,1678813200,3.42
2023,3,14,14,0,0,1678816800,3.34
2023,3,14,15,0,0,1678820400,2.86
2023,3,14,16,0,0,1678824000,2.17
2023,3,14,17,0,0,1678827600,4.01
2023,3,14,18,0,0,1678831200,3.62
2023,3,14,19,0,0,1678834800,2.67
2023,3,14,20,0,0,1678838400,4.04
2023,3,14,21,0,0,1678842000,4.51
2023,3,14,22,0,0,1678845600,1.43
2023,3,14,23,0,0,1678849200,0.35
2023,3,15,0,0,0,1678852800,1.97
2023,3,15,1,0,0,1678856400,3.18
2023,3,15,2,0,0,1678860000,1.35
2023,3,15,3,0,0,1678863600,2.73
2023,3,15,4,0,0,1678867200,1.65
2023,3,15,5,0,0,1678870800,4.29
2023,3,15,6,0,0,1678874400,0.75
2023,3,15,7,0,0,1678878000,1.34
2023,3,15,8,0,0,1678881600,1.73
2023,3,15,9,0,0,1678885200,3.09
2023,3,15,10,0,0,1678888800,0.77
2023,3,15,11,0,0,1678892400,3.73
2023,3,15,12,0,0,1678896000,2.39
2023,3,15,13,0,0,1678899600,1.02
2023,3,15,14,0,0,1678903200,0.85
2023,3,15,15,0,0,1678906800,2.51
2023,3,15,16,0,0,1678910400,2.99
2023,3,15,17,0,0,1678914000,1.55
2023,3,15,18,0,0,1678917600,2.4
2023,3,15,19,0,0,1678921200,4.65
2023,3,15,20,0,0,1678924800,1.77
2023,3,15,21,0,0,1678928400,0.41
2023,3,15,22,0,0,1678932000,0.54
2023,3,15,23,0,0,1678935600,4.59
2023,3,16,0,0,0,1678939200,1.97
2023,3,16,1,0,0,1678942800,3.89
2023,3,16,2,0,0,1678946400,0.95
2023,3,16,3,0,0,1678950000,4.25
2023,3,16,4,0,0,1678953600,1.88
2023,3,16,5,0,0,1678957200,2.08
2023,3,16,6,0,0,1678960800,4.81
2023,3,16,7,0,0,1678964400,0.31
2023,3,16,8,0,0,1678968000,3.02
2023,3,16,9,0,0,1678971600,3.36
2023,3,16,10,0,0,1678975200,3.97
2023,3,16,11,0,0,1678978800,0.69
2023,3,16,12,0,0,1678982400,3.15
2023,3,16,13,0,0,1678986000,3.19
2023,3,16,14,0,0,1678989600,4.09
2023,3,16,15,0,0,1678993200,4.51
2023,3,16,16,0,0,1678996800,1.32
2023,3,16,17,0,0,1679000400,4.12
2023,3,16,18,0,0,1679004000,1.02
2023,3,16,19,0,0,1679007600,3.3
2023,3,16,20,0,0,1679011200,3.7
2023,3,16,21,0,0,1679014800,3.93
2023,3,16,22,0,0,1679018400,3.05
2023,3,16,23,0,0,1679022000,3.6
2023,3,17,0,0,0,1679025600,3.41
2023,3,17,1,0,0,1679029200,3.01
2023,3,17,2,0,0,1679032800,3.84
2023,3,17,3,0,0,1679036400,0.3
2023,3,17,4,0,0,1679040000,0.62
2023,3,17,5,0,0,1679043600,4.19
2023,3,17,6,0,0,1679047200,4.09
2023,3,17,7,0,0,1679050800,4.63
2023,3,17,8,0,0,1679054400,4.93
2023,3,17,9,0,0,1679058000,3.24
2023,3,17,10,0,0,1679061600,4.74
2023,3,17,11,0,0,1679065200,1.11
2023,3,17,12,0,0,1679068800,3.99
2023,3,17,13,0,0,1679072400,4.02
2023,3,17,14,0,0,1679076000,0.19
2023,3,17,15,0,0,1679079600,3.34
2023,3,17,16,0,0,1679083200,0.66
2023,3,17,17,0,0,1679086800,4.17
2023,3,17,18,0,0,1679090400,1.94
2023,3,17,19,0,0,1679094000,2.93
2023,3,17,20,0,0,1679097600,3.67
2023,3,17,21,0,0,1679101200,0.81
2023,3,17,22,0,0,1679104800,1.74
2023,3,17,23,0,0,1679108400,2.05
2023,3,18,0,0,0,1679112000,3.4
2023,3,18,1,0,0,1679115600,1.27
2023,3,18,2,0,0,1679119200,2.23
2023,3,18,3,0,0,1679122800,1.75
2023,3,18,4,0,0,1679126400,1.51
2023,3,18,5,0,0,1679130000,3.84
2023,3,18,6,0,0,1679133600,3.68
2023,3,18,7,0,0,1679137200,1.08
2023,3,18,8,0,0,1679140800,3.97
2023,3,18,9,0,0,1679144400,4.49
2023,3,18,10,0,0,1679148000,1.28
2023,3,18,11,0,0,1679151600,0.88
2023,3,18,12,0,0,1679155200,4.94
2023,3,18,13,0,0,1679158800,2.01
2023,3,18,14,0,0,1679162400,1.98
2023,3,18,15,0,0,1679166000,2.25
2023,3,18,16,0,0,1679169600,1.99
2023,3,18,17,0,0,1679173200,3.86
2023,3,18,18,0,0,1679176800,2.79
2023,3,18,19,0,0,1679180400,4.69
2023,3,18,20,0,0,1679184000,3.89
2023,3,18,21,0,0,1679187600,1.14
2023,3,18,22,0,0,1679191200,3.48
2023,3,18,23,0,0,1679194800,2.4
2023,3,19,0,0,0,1679198400,1.18
2023,3,19,1,0,0,1679202000,3.11
2023,3,19,2,0,0,1679205600,1.21
2023,3,19,3,0,0,1679209200,3.13
2023,3,19,4,0,0,1679212800,1.37
2023,3,19,5,0,0,1679216400,0.21
2023,3,19,6,0,0,1679220000,4.65
2023,3,19,7,0,0,1679223600,4.15
2023,3,19,8,0,0,1679227200,3.81
2023,3,19,9,0,0,1679230800,4.16
2023,3,19,10,0,0,1679234400,2.76
2023,3,19,11,0,0,1679238000,0.9
2023,3,19,12,0,0,1679241600,0.12
2023,3,19,13,0,0,1679245200,2.9
2023,3,19,14,0,0,1679248800,2.54
2023,3,19,15,0,0,1679252400,0.34
2023,3,19,16,0,0,1679256000,3.91
2023,3,19,17,0,0,1679259600,2.99
2023,3,19,18,0,0,1679263200,3.41
2023,3,19,19,0,0,1679266800,4.95
2023,3,19,20,0,0,1679270400,4.21
2023,3,19,21,0,0,1679274000,4.97
2023,3,19,22,0,0,1679277600,0.74
2023,3,19,23,0,0,1679281200,2.93
2023,3,20,0,0,0,1679284800,3.45
2023,3,20,1,0,0,1679288400,3.17
2023,3,20,2,0,0,1679292000,2.97
2023,3,20,3,0,0,1679295600,4.3
2023,3,20,4,0,0,1679299200,0.52
2023,3,20,5,0,0,1679302800,1.87
2023,3,20,6,0,0,1679306400,1.53
2023,3,20,7,0,0,1679310000,2.45
2023,3,20,8,0,0,1679313600,0.59
2023,3,20,9,0,0,1679317200,4.89
2023,3,20,10,0,0,1679320800,3.43
2023,3,20,11,0,0,1679324400,3.28
2023,3,20,12,0,0,1679328000,1.68
2023,3,20,13,0,0,1679331600,2.69
2023,3,20,14,0,0,1679335200,2.94
2023,3,20,15,0,0,1679338800,3.91
2023,3,20,16,0,0,1679342400,4.41
2023,3,20,17,0,0,1679346000,1.4
2023,3,20,18,0,0,1679349600,1.74
2023,3,20,19,0,0,1679353200,1.16
2023,3,20,20,0,0,1679356800,2.92
2023,3,20,21,0,0,1679360400,4.35
2023,3,20,22,0,0,1679364000,2.1
2023,3,20,23,0,0,1679367600,3.33
2023,3,21,0,0,0,1679371200,4.13
2023,3,21,1,0,0,1679374800,3.9
2023,3,21,2,0,0,1679378400,3.94
2023,3,21,3,0,0,1679382000,2.59
2023,3,21,4,0,0,1679385600,1.1
2023,3,21,5,0,0,1679389200,0.32
2023,3,21,6,0,0,1679392800,2.91
2023,3,21,7,0,0,1679396400,3.16
2023,3,21,8,0,0,1679400000,1.02
2023,3,21,9,0,0,1679403600,2.22
2023,3,21,10,0,0,1679407200,1.5
2023,3,21,11,0,0,1679410800,2.23
2023,3,21,12,0,0,1679414400,0.68
2023,3,21,13,0,0,1679418000,4.27
2023,3,21,14,0,0,1679421600,2.12
2023,3,21,15,0,0,1679425200,0.29
2023,3,21,16,0,0,1679428800,2.93
2023,3,21,17,0,0,1679432400,4.81
2023,3,21,18,0,0,1679436000,4.53
2023,3,21,19,0,0,1679439600,3.17
2023,3,21,20,0,0,1679443200,0.93
2023,3,21,21,0,0,1679446800,1.92
2023,3,21,22,0,0,1679450400,3.06
2023,3,21,23,0,0,1679454000,2.36
2023,3,22,0,0,0,1679457600,4.0
2023,3,22,1,0,0,1679461200,2.53
2023,3,22,2,0,0,1679464800,0.28
2023,3,22,3,0,0,1679468400,4.79
2023,3,22,4,0,0,1679472000,0.69
2023,3,22,5,0,0,1679475600,1.6
2023,3,22,6,0,0,1679479200,4.92
2023,3,22,7,0,0,1679482800,1.44
2023,3,22,8,0,0,1679486400,3.31
2023,3,22,9,0,0,1679490000,4.49
2023,3,22,10,0,0,1679493600,3.65
2023,3,22,11,0,0,1679497200,4.65
2023,3,22,12,0,0,1679500800,4.11
2023,3,22,13,0,0,1679504400,3.9
2023,3,22,14,0,0,1679508000,0.41
2023,3,22,15,0,0,1679511600,0.93
2023,3,22,16,0,0,1679515200,1.05
2023,3,22,17,0,0,1679518800,1.31
2023,3,22,18,0,0,1679522400,4.86
2023,3,22,19,0,0,1679526000,2.76
2023,3,22,20,0,0,1679529600,3.92
2023,3,22,21,0,0,1679533200,0.48
2023,3,22,22,0,0,1679536800,1.55
2023,3,22,23,0,0,1679540400,0.64
2023,3,23,0,0,0,1679544000,1.29
2023,3,23,1,0,0,1679547600,0.5
2023,3,23,2,0,0,1679551200,0.89
2023,3,23,3,0,0,1679554800,0.83
2023,3,23,4,0,0,1679558400,3.74
2023,3,23,5,0,0,1679562000,0.13
2023,3,23,6,0,0,1679565600,2.99
2023,3,23,7,0,0,1679569200,4.51
2023,3,23,8,0,0,1679572800,2.05
2023,3,23,9,0,0,1679576400,1.71
2023,3,23,10,0,0,1679580000,0.11
2023,3,23,11,0,0,1679583600,2.59
2023,3,23,12,0,0,1679587200,0.21
2023,3,23,13,0,0,1679590800,2.99
2023,3,23,14,0,0,1679594400,3.2
2023,3,23,15,0,0,1679598000,1.7
2023,3,23,16,0,0,1679601600,4.76
2023,3,23,17,0,0,1679605200,3.71
2023,3,23,18,0,0,1679608800,3.0
2023,3,23,19,0,0,1679612400,3.63
2023,3,23,20,0,0,1679616000,0.26
2023,3,23,21,0,0,1679619600,3.78
2023,3,23,22,0,0,1679623200,0.77
2023,3,23,23,0,0,1679626800,3.08
2023,3,24,0,0,0,1679630400,1.18
2023,3,24,1,0,0,1679634000,4.45
2023,3,24,2,0,0,1679637600,3.95
2023,3,24,3,0,0,1679641200,0.41
2023,3,24,4,0,0,1679644800,0.65
2023,3,24,5,0,0,1679648400,4.46
2023,3,24,6,0,0,1679652000,2.77
2023,3,24,7,0,0,1679655600,2.16
2023,3,24,8,0,0,1679659200,0.16
2023,3,24,9,0,0,1679662800,1.54
2023,3,24,10,0,0,1679666400,4.49
2023,3,24,11,0,0,1679670000,3.39
2023,3,24,12,0,0,1679673600,0.27
2023,3,24,13,0,0,1679677200,4.57
2023,3,24,14,0,0,1679680800,0.76
2023,3,24,15,0,0,1679684400,3.3
2023,3,24,16,0,0,1679688000,2.78
2023,3,24,17,0,0,1679691600,3.83
2023,3,24,18,0,0,1679695200,3.7
2023,3,24,19,0,0,1679698800,0.91
2023,3,24,20,0,0,1679702400,4.21
2023,3,24,21,0,0,1679706000,3.8
2023,3,24,22,0,0,1679709600,1.33
2023,3,24,23,0,0,1679713200,1.61
2023,3,25,0,0,0,1679716800,2.55
2023,3,25,1,0,0,1679720400,4.16
2023,3,25,2,0,0,1679724000,3.68
2023,3,25,3,0,0,1679727600,1.83
2023,3,25,4,0,0,1679731200,4.14
2023,3,25,5,0,0,1679734800,2.74
2023,3,25,6,0,0,1679738400,3.76
2023,3,25,7,0,0,1679742000,3.0
2023,3,25,8,0,0,1679745600,3.32
2023,3,25,9,0,0,1679749200,0.21
2023,3,25,10,0,0,1679752800,3.16
2023,3,25,11,0,0,1679756400,0.45
2023,3,25,12,0,0,1679760000,3.7
2023,3,25,13,0,0,1679763600,0.63
2023,3,25,14,0,0,1679767200,2.14
2023,3,25,15,0,0,1679770800,3.12
2023,3,25,16,0,0,1679774400,3.58
2023,3,25,17,0,0,1679778000,1.5
2023,3,25,18,0,0,1679781600,2.03
2023,3,25,19,0,0,1679785200,0.59
2023,3,25,20,0,0,1679788800,1.88
2023,3,25,21,0,0,1679792400,2.24
2023,3,25,22,0,0,1679796000,1.71
2023,3,25,23,0,0,1679799600,4.1
2023,3,26,0,0,0,1679803200,4.85
2023,3,26,1,0,0,1679806800,0.15
2023,3,26,2,0,0,1679810400,2.02
2023,3,26,3,0,0,1679814000,4.03
2023,3,26,4,0,0,1679817600,1.35
2023,3,26,5,0,0,1679821200,3.83
2023,3,26,6,0,0,1679824800,2.28
2023,3,26,7,0,0,1679828400,2.72
2023,3,26,8,0,0,1679832000,3.28
2023,3,26,9,0,0,1679835600,1.74
2023,3,26,10,0,0,1679839200,1.75
2023,3,26,11,0,0,1679842800,3.88
2023,3,26,12,0,0,1679846400,4.4
2023,3,26,13,0,0,1679850000,1.69
2023,3,26,14,0,0,1679853600,4.55
2023,3,26,15,0,0,1679857200,3.74
2023,3,26,16,0,0,1679860800,3.55
2023,3,26,17,0,0,1679864400,1.84
2023,3,26,18,0,0,1679868000,1.85
2023,3,26,19,0,0,1679871600,1.41
2023,3,26,20,0,0,1679875200,0.46
2023,3,26,21,0,0,1679878800,3.66
2023,3,26,22,0,0,1679882400,1.93
2023,3,26,23,0,0,1679886000,3.74
2023,3,27,0,0,0,1679889600,3.55
2023,3,27,1,0,0,1679893200,3.9
2023,3,27,2,0,0,1679896800,3.12
2023,3,27,3,0,0,1679900400,3.46
2023,3,27,4,0,0,1679904000,4.65
2023,3,27,5,0,0,1679907600,4.77
2023,3,27,6,0,0,1679911200,1.48
2023,3,27,7,0,0,1679914800,2.48
2023,3,27,8,0,0,1679918400,0.61
2023,3,27,9,0,0,1679922000,4.51
2023,3,27,10,0,0,1679925600,1.29
2023,3,27,11,0,0,1679929200,0.57
2023,3,27,12,0,0,1679932800,1.22
2023,3,27,13,0,0,1679936400,4.41
2023,3,27,14,0,0,1679940000,4.43
2023,3,27,15,0,0,1679943600,4.03
2023,3,27,16,0,0,1679947200,3.7
2023,3,27,17,0,0,1679950800,3.25
2023,3,27,18,0,0,1679954400,1.19
2023,3,27,19,0,0,1679958000,0.52
2023,3,27,20,0,0,1679961600,4.51
2023,3,27,21,0,0,1679965200,1.4
2023,3,27,22,0,0,1679968800,0.7
2023,3,27,23,0,0,1679972400,3.54
2023,3,28,0,0,0,1679976000,4.37
2023,3,28,1,0,0,1679979600,4.05
2023,3,28,2,0,0,1679983200,2.16
2023,3,28,3,0,0,1679986800,4.78
2023,3,28,4,0,0,1679990400,0.68
2023,3,28,5,0,0,1679994000,0.28
2023,3,28,6,0,0,1679997600,4.31
2023,3,28,7,0,0,1680001200,1.58
2023,3,28,8,0,0,1680004800,0.72
2023,3,28,9,0,0,1680008400,2.2
2023,3,28,10,0,0,1680012000,3.18
2023,3,28,11,0,0,1680015600,4.49
2023,3,28,12,0,0,1680019200,0.18
2023,3,28,13,0,0,1680022800,2.78
2023,3,28,14,0,0,1680026400,3.09
2023,3,28,15,0,0,1680030000,1.82
2023,3,28,16,0,0,1680033600,4.41
2023,3,28,17,0,0,1680037200,1.42
2023,3,28,18,0,0,1680040800,5.0
2023,3,28,19,0,0,1680044400,3.13
2023,3,28,20,0,0,1680048000,4.97
2023,3,28,21,0,0,1680051600,0.57
2023,3,28,22,0,0,1680055200,3.65
2023,3,28,23,0,0,1680058800,1.79
2023,3,29,0,0,0,1680062400,4.28
2023,3,29,1,0,0,1680066000,3.61
2023,3,29,2,0,0,1680069600,3.25
2023,3,29,3,0,0,1680073200,4.09
2023,3,29,4,0,0,1680076800,3.28
2023,3,29,5,0,0,1680080400,0.73
2023,3,29,6,0,0,1680084000,2.85
2023,3,29,7,0,0,1680087600,4.22
2023,3,29,8,0,0,1680091200,4.95
2023,3,29,9,0,0,1680094800,1.02
2023,3,29,10,0,0,1680098400,2.81
2023,3,29,11,0,0,1680102000,2.12
2023,3,29,12,0,0,1680105600,1.31
2023,3,29,13,0,0,1680109200,4.3
2023,3,29,14,0,0,1680112800,4.3
2023,3,29,15,0,0,1680116400,3.96
2023,3,29,16,0,0,1680120000,0.41
2023,3,29,17,0,0,1680123600,4.45
2023,3,29,18,0,0,1680127200,2.64
2023,3,29,19,0,0,1680130800,3.45
2023,3,29,20,0,0,1680134400,3.85
2023,3,29,21,0,0,1680138000,4.71
2023,3,29,22,0,0,1680141600,1.07
2023,3,29,23,0,0,1680145200,4.72
2023,3,30,0,0,0,1680148800,1.65
2023,3,30,1,0,0,1680152400,0.98
2023,3,30,2,0,0,1680156000,2.5
2023,3,30,3,0,0,1680159600,4.97
2023,3,30,4,0,0,1680163200,4.51
2023,3,30,5,0,0,1680166800,1.92
2023,3,30,6,0,0,1680170400,0.78
2023,3,30,7,0,0,1680174000,3.9
2023,3,30,8,0,0,1680177600,3.04
2023,3,30,9,0,0,1680181200,1.98
2023,3,30,10,0,0,1680184800,1.42
2023,3,30,11,0,0,1680188400,1.31
2023,3,30,12,0,0,1680192000,0.3
2023,3,30,13,0,0,1680195600,4.02
2023,3,30,14,0,0,1680199200,2.43
2023,3,30,15,0,0,1680202800,1.08
2023,3,30,16,0,0,1680206400,1.61
2023,3,30,17,0,0,1680210000,2.35
2023,3,30,18,0,0,1680213600,0.4
2023,3,30,19,0,0,1680217200,4.17
2023,3,30,20,0,0,1680220800,3.62
2023,3,30,21,0,0,1680224400,3.48
2023,3,30,22,0,0,1680228000,2.77
2023,3,30,23,0,0,1680231600,0.77
2023,3,31,0,0,0,1680235200,3.64
2023,3,31,1,0,0,1680238800,3.34
2023,3,31,2,0,0,1680242400,3.65
2023,3,31,3,0,0,1680246000,4.52
2023,3,31,4,0,0,1680249600,0.99
2023,3,31,5,0,0,1680253200,2.42
2023,3,31,6,0,0,1680256800,3.82
2023,3,31,7,0,0,1680260400,3.84
2023,3,31,8,0,0,1680264000,3.06
2023,3,31,9,0,0,1680267600,2.7
2023,3,31,10,0,0,1680271200,0.96
2023,3,31,11,0,0,1680274800,3.56
2023,3,31,12,0,0,1680278400,4.15
2023,3,31,13,0,0,1680282000,2.33
2023,3,31,14,0,0,1680285600,2.24
2023,3,31,15,0,0,1680289200,4.04
2023,3,31,16,0,0,1680292800,4.25
2023,3,31,17,0,0,1680296400,2.97
2023,3,31,18,0,0,1680300000,1.35
2023,3,31,19,0,0,1680303600,4.2
